track_name,track_artist
No Regrets,James Reeder
Wild Life,James Reeder
Fangs,James Reeder
Afterburner,James Reeder
Hellfire Rising,James Reeder
Hurricane,James Reeder
Trapdoor,James Reeder
Demon,James Reeder
Rusty Barracuda,James Reeder
Night on Fire,James Reeder
Kentucky Banshee,James Reeder
The Devil in a Long Black Lincoln,James Reeder
Satania,James Reeder
Stupid Girl,Cold
Stupid Girl - Life So Long Mix,Cold
Essence,TG
Gravity's Rainbow - Soulwax Remix,Klaxons
How You Do It,TG
Pa' Gozar,Gilles Peterson's Havana Cultura Band
Arroz Con Pollo,Gilles Peterson's Havana Cultura Band
Roforofo Fight (feat. Mayra Caridad Valdés),Gilles Peterson's Havana Cultura Band
"Ipacuba (feat. Danay Suárez, Francis Del Río, Vince Vella & Julio Padrón)",Gilles Peterson's Havana Cultura Band
"La Revolución Del Cuerpo, Pt. 1 (feat. Ogguere, Danay Suárez & Obsesión)",Gilles Peterson's Havana Cultura Band
"La Revolución Del Cuerpo, Pt. 2 (feat. Roberto Fonseca)",Gilles Peterson's Havana Cultura Band
Lágrimas De Soledad (No Existen Palabras) [feat. Danay Suárez],Gilles Peterson's Havana Cultura Band
Think Twice (feat. Danay Suarez & Obsesión),Gilles Peterson's Havana Cultura Band
Chekere Son (feat. Mayra Caridad Valdés),Gilles Peterson's Havana Cultura Band
Afrodisia,Gilles Peterson's Havana Cultura Band
Mami,Gilles Peterson's Havana Cultura Band
Rezando,Gilles Peterson's Havana Cultura Band
La Revolución Del Cuerpo,Ogguere
Listos 'Pa La Lucha,Free Hole Negro
La Perla Del Son,Wichy de Vedado
Candao Cerrao,Yusa
Acompáñanos,Kumar
Me Lastimas,Obsesión
Individual,Danay Suárez
Pasa El Borrador,Los Aldeanos
Amor Internacional,Doble Filo
Por Un Milagro,Cubanito 20.02
Sentimiento,Francis del Río
Que Tú Te Crees (feat. Pepito),Doble Filo
Puñalá,Descemer Bueno
Spiritual Sin Egoísmo,Telmary
La Jungla,Harold López-Nussa
Hoy,Fiel A La Vega
Bogeyman,Dan Griffith
Que Se Quede Contigo,Flor De Tabaco
Beso A Beso,Flor De Tabaco
Le Nacen Alas,Flor De Tabaco
Todos Los Hombres Son Iguales,Flor De Tabaco
Cobarde,Flor De Tabaco
Tu Amor Es Mi Delirio,Flor De Tabaco
Amame Toda La Noche,Flor De Tabaco
Coraje,Flor De Tabaco
"Te Amo Tanto, Tanto",Flor De Tabaco
Crazy For Your Love,Flor De Tabaco
Arrepentido,Flor De Tabaco
Cobarde - Balada,Flor De Tabaco
Reality - MÖWE Radio Edit,Lost Frequencies
Reality - Androma Radio Edit,Lost Frequencies
Reality - Hitimpulse Remix,Lost Frequencies
Inside Of Me,TG
Yüce Dag Basinda,Altin Gün
Killas Wit Me,Chv TopSoulja
Petty Ma,Chv TopSoulja
See What I See,Chv TopSoulja
Free Gizmo,Chv TopSoulja
1-4 Wards,Chv TopSoulja
Double R,Chv TopSoulja
Opp Baby Muva,Chv TopSoulja
Drac Bust,Chv TopSoulja
We On The Wrong Way,Chv TopSoulja
Who We Are,Chv TopSoulja
Off The Top,Chv TopSoulja
Solider Flow,Chv TopSoulja
C4,Chv TopSoulja
J Dance,Dan Griffith
It's In Everyone Of Us,David Pomeranz
Thea,David Pomeranz
Tryin To Get The Feeling Again,David Pomeranz
The Hit Song Of All Time,David Pomeranz
Flying,David Pomeranz
Greyhound Mary,David Pomeranz
If You Walked Away,David Pomeranz
High Together,David Pomeranz
Home To Alaska,David Pomeranz
Clarence,David Pomeranz
Pay No Mind,Ian Moore
Satisfied,Ian Moore
Deliver Me,Ian Moore
"Blue Sky / Abraham, Martin & John",Ian Moore
Me and My Guitar,Ian Moore
"Trilogy: The Sunlit Path / La Mere De La Mer / Tomorrow's Story Not the Same - Live in Central Park, New York, NY - August 1973",Mahavishnu Orchestra
"Sister Andrea - Live in Central Park, New York, NY - August 1973",Mahavishnu Orchestra
"Dream - Live in Central Park, New York, NY - August 1973",Mahavishnu Orchestra
Triple Sevens,Blackjesus Yoshua
Air Dry Her,Blackjesus Yoshua
Warrior Lahmu,Blackjesus Yoshua
All the Game,Blackjesus Yoshua
Skunkdafunk,Blackjesus Yoshua
Big Rapids Theme,Blackjesus Yoshua
Shaitanic Books,Blackjesus Yoshua
Bowling Pins,Blackjesus Yoshua
Neo's New Bass City,Blackjesus Yoshua
Doctor Doug's Experiment,Blackjesus Yoshua
Native American Property,Blackjesus Yoshua
Mind of a Criminal,Blackjesus Yoshua
My Loving Spirit,Blackjesus Yoshua
Demontime,757babyglock
Don't Leave Me,Yung Shadøw
Magic,The Cars
I Refuse,The Cars
Frosty Night,KingJa
Ire,KayFresh
E-Cumbia,Noob_Memeus
Bravi Ragazzi (Bravo Muchachos),Miguel Bosé
Ce la fai,Miguel Bosé
Olympic Games (Voy A Ganar),Miguel Bosé
Credo En Ti,Miguel Bosé
Piu' Sexy,Miguel Bosé
Anna (Ana),Miguel Bosé
Metropoli (Metropolis),Miguel Bosé
Indio,Miguel Bosé
Ti Amero' (Te Amarè),Miguel Bosé
Miraggi,Miguel Bosé
Al Di La' (Mas Allà),Miguel Bosé
Súper Supermán,Miguel Bosé
Buona Notte Fiorellino,Miguel Bosé
Gente Come Noi,Miguel Bosé
Sono Amici (Son Amigos),Miguel Bosé
Che Sia,Miguel Bosé
Crossing Stars,DXM
"The Torn, Withered, and Self Medicated",DXM
A Concious Action,DXM
The Virus,DXM
Surrender,DXM
Cien Abriles,Guardianes Del Amor
Amor Se Escribe Con Llanto,Guardianes Del Amor
"El Perro, el Gato y Yo",Guardianes Del Amor
Palabras Tristes,Guardianes Del Amor
Corazón Romántico,Guardianes Del Amor
Adios Con Adios Se Paga,Guardianes Del Amor
Mi Tesoro,Guardianes Del Amor
Un Pedazo de Luna,Guardianes Del Amor
Los Ángeles Lloran,Guardianes Del Amor
Dejame Secar Tus Lagrimas,Guardianes Del Amor
Winter’s Beach,Django Django
Sand Dunes,Django Django
Swimming at Night,Django Django
Flash Forward,Django Django
Ghost Rider,Django Django
Blue Hazy Highs,Django Django
Luck,Appleby
Flower of Passion,Blackjesus Yoshua
Shinnindo's Mare,Blackjesus Yoshua
Scaler Warfare,Blackjesus Yoshua
Othello's Last Winter,Blackjesus Yoshua
Nuclear Winter Blues,Blackjesus Yoshua
Hey Bo Grover,Blackjesus Yoshua
Go Outside,Blackjesus Yoshua
The Automotons,Blackjesus Yoshua
Baked Beans,Blackjesus Yoshua
Angers Angel,Blackjesus Yoshua
Zap These Roaches,Blackjesus Yoshua
True Enough,Alex Alavi
We Are 2,Alex Alavi
El Principio Del Infierno,Alfredo Olivas
East,Neo Soulstress
North,Neo Soulstress
South,Neo Soulstress
West,Neo Soulstress
New Moon - Reprise (V2.1),American Film Orchestra
Fur Elise (V2.1),American Film Orchestra
Excerpts From Moon,American Film Orchestra
Come Away With Me,American Film Orchestra
The Memory Of Trees,American Film Orchestra
Orinoco Flow,American Film Orchestra
"Adagio For Strings, Op. 11 (Main Theme)",American Film Orchestra
May It Be,American Film Orchestra
The Gift,American Film Orchestra
The Love I Found In You,American Film Orchestra
Bella's Lullaby (A River Flows In You),Taliesin Orchestra
iT,Christine and the Queens
Saint Claude (Version Française),Christine and the Queens
Tilted,Christine and the Queens
Narcissus Is Back,Christine and the Queens
The Loving Cup,Christine and the Queens
Why so Serious 2,Tha Joker
Eyes Close,Tha Joker
Delta,Tha Joker
Random,Tha Joker
Gym,Tha Joker
Blow Stacks,Tha Joker
Cant Come Down,Tha Joker
Imagine,Tha Joker
Come Around,Tha Joker
Throw It Up,Tha Joker
So Dam Fine,Tha Joker
Home Again,Tha Joker
Radio,Nick Howard
I Don't Need You,Nick Howard
Out of My Head,Nick Howard
Fight,Nick Howard
Carry You,Nick Howard
Satellites,Nick Howard
Life,Nick Howard
Gone for Good,Nick Howard
Good Man,Nick Howard
"Mariposa, Borboleta",Nick Howard
Wonderful World,Nick Howard
Don't Wanna Go Home,Nick Howard
Heart of Gold,Nick Howard
Fight (Acoustic Version),Nick Howard
Carry You (Acoustic Version),Nick Howard
One,The New Seekers
Allright My Love,The New Seekers
Ain't Love Easy,The New Seekers
Blackberry Way,The New Seekers
When There's No Love Left,The New Seekers
Your Song,The New Seekers
"Look What They've Done to My Song, Ma",The New Seekers
Cincinnati,The New Seekers
Eighteen Carat Friend (aka Friends),The New Seekers
Beautiful People,The New Seekers
I'll Be Home,The New Seekers
Never Ending Song of Love,The New Seekers
This Sux,Whiskey Child
Feel Like Gettin' Drunk,Whiskey Child
Couldn't Care Less,Whiskey Child
You Forgot About Me,Whiskey Child
Whiskey Child,Whiskey Child
Feel Like Gettin' Drunk (Acoustic Version),Whiskey Child
This Sux (Instrumental Version),Whiskey Child
Feel Like Gettin' Drunk (Instrumental Version),Whiskey Child
Feel Like Gettin' Drunk (Acoustic Instrumental Version),Whiskey Child
In Darkness,Noob_Memeus
Gracias Mau5,Noob_Memeus
1979 Pinto Droptop,Blackjesus Yoshua
Unlike Me,Blackjesus Yoshua
Amaru Muru's Conquest,Blackjesus Yoshua
Unfinished Dream,Blackjesus Yoshua
Smokie and Barry,Blackjesus Yoshua
Autumns Last Dance,Blackjesus Yoshua
Ogo's Egg,Blackjesus Yoshua
Babylon Burning,Blackjesus Yoshua
Notachance,Blackjesus Yoshua
But I'm Still Hot,Blackjesus Yoshua
Next of Kin,Blackjesus Yoshua
Egyptian Pharoah,Blackjesus Yoshua
Natures Science Fair,Blackjesus Yoshua
Family Ties,Blackjesus Yoshua
Lock and Key,Blackjesus Yoshua
Freak the Funk,Blackjesus Yoshua
Cloak of Riddles,Lugosi Smile
Jade,Lugosi Smile
Shadomasuku,Lugosi Smile
This Wild Darkness - Remix1,Moby
This Wild Darkness - Sunrise Mix,Moby
This Wild Darkness - CYA Remix Edit,Moby
This Wild Darkness - CYA Remix,Moby
"These Arms of Mine - Live at the Apollo Theater, New York",Otis Redding
"Pain in My Heart - Live at the Apollo Theater, New York",Otis Redding
Mr. Pitiful,Otis Redding
Try a Little Tenderness,Otis Redding
(Sittin' On) the Dock of the Bay,Otis Redding
"Fuck Bitches, Get Money - En vivo",La Contraseña
El Mismo de Antes - En vivo,La Contraseña
El Cuate - En vivo,La Contraseña
El Eddy - En vivo,La Contraseña
Intro,Entrails of a Virgin
Straight Sledge,Entrails of a Virgin
Whoreship,Entrails of a Virgin
The Irony of Being a Werewolf,Entrails of a Virgin
Hell Blaze,Entrails of a Virgin
A Shattered Scene,Dan Griffith
In a Cave,Kitchens Of Distinction
Time to Groan,Kitchens Of Distinction
Shiver,Kitchens Of Distinction
Prize,Kitchens Of Distinction
The 3rd Time We Opened the Capsule,Kitchens Of Distinction
Her Last Day in Bed,Kitchens Of Distinction
"Courage, Mother",Kitchens Of Distinction
Mainly Mornings,Kitchens Of Distinction
Hammer,Kitchens Of Distinction
I Did This All Myself,Dan Griffith
Man Who Sold The World,Jordis
Dead Bird Blues,Daniel Phillips
Lotta Money,Diamond
Broken Promises,Bubby Galloway
Yall Ain't Widdit,Joey Tapz
Did It My Way (feat. Devunta & Mia Gonzalez),Ray Smith
Good Love (feat. Peanut),Ray Smith
Black Sheep in the Ghetto,Ray Smith
No Justice,Ray Smith
Blue Skies (feat. Muze),Ray Smith
The Call,Ray Smith
Hometown Love (feat. Lee Lonn),Ray Smith
Cooler Than the Cold Side (feat. Sub/Cat),Ray Smith
Savannah (feat. Motion Hotel),Ray Smith
Hero (feat. Wasila),Ray Smith
Glorybound,Poco
Blue And Gray,Poco
Streets Of Paradise,Poco
The Writing On The Wall,Poco
Down On The River Again,Poco
Please Wait For Me,Poco
Widowmaker - Single Version,Poco
Here Comes That Girl Again,Poco
Sometimes (We Are All We Got),Poco
The Land Of Glory,Poco
Sweet Dreams (Are Made Of This),Automatic
Kids In America,Tiffany
Heart & Soul - Live,T'Pau
Fight The Power,Vanilla Ice
You Give Love A Bad Name,Kelly Hansen
Send Me An Angel,Zeromancer
Home Sweet Home,Leif Garrett
Pride (In The Name Of Love),Razed In Black
The Killing Moon,Eva O
Rag Doll,Ted Nugent
Like A Virgin (LCD Mix),Bow Wow Wow
Hot For Teacher,John Corabi
Heaven Knows I'm Miserable Now,Sweet And Tender Hooligans
Fascination Street,Godhead
Stripped,Shiny Toy Guns
If I Could Turn Back Time,Kat Parsons
Our House,Fishbone's Angelo Moore
Sharp Dressed Man,Molly Hatchet
Photograph,Jani Lane
Welcome To The Jungle,Kevin Dubrow
Eye Of The Tiger,Great White
Blue Monday,Lick
Sex Dwarf,Dirty Sanchez
Electricity,Apoptygma Berzerk
Rock You Like A Hurricane,Kelly Hansen
Lullaby,Leæther Strip
Livin' On A Prayer,Bulletboys
Material Girl,KMFDM
Never Let Me Down Again,Tre Lux
Legs,Artimus Pyle
A Little Respect,Element
Panama,Jani Lane
Rock of Ages,Kelly Hansen
Bizarre Love Triangle,Judson Leach
Tainted Love,Ambra Red
Still Loving You,George Lynch
With Or Without You,Heaven 17
Sweet Child O’ Mine,Jizzy Pearl
Living On Video,Leæther Strip
Sky Blue,Mahtie Bush
I Am the One,Mahtie Bush
Future,Mahtie Bush
Matrixxx,Mahtie Bush
Beware Beware,Mahtie Bush
Soft Break 2.0,Mahtie Bush
At the Hotel,Mahtie Bush
Dove,Mahtie Bush
Drummer Some,Mahtie Bush
Who's the Killer?,Mahtie Bush
Outro,Mahtie Bush
Bigger Picture,Lil AD
Been Kobe,Lil AD
Break,Lil AD
On Me,Lil AD
Freestyle,Lil AD
Slight Vent,Lil AD
Skit : We Outside,Lil AD
Like That,Lil AD
BandMan2,Lil AD
The Real,Lil AD
Decline,Lil AD
Hang Out,Lil AD
We The Ones,Lil AD
TrueVent,Lil AD
Outro,Lil AD
Lookin' Like,Q Da Halftime Show
Killing Another,Coaltar Of The Deepers
Amethyst (Revenge),Coaltar Of The Deepers
Your Melody (Revenge),Coaltar Of The Deepers
Earth Thing,Coaltar Of The Deepers
Summer Days (Revenge),Coaltar Of The Deepers
Snow (Revenge),Coaltar Of The Deepers
Blink (Revenge),Coaltar Of The Deepers
The Visitors (Revenge),Coaltar Of The Deepers
Te Daría Mi Vida,Paulina Rubio
Mío,Paulina Rubio
Amor De Mujer,Paulina Rubio
Enamorada,Paulina Rubio
Despiértate,Paulina Rubio
Él Me Engañó,Paulina Rubio
Sangre Latina,Paulina Rubio
Miel Y Sal,Paulina Rubio
Vuelve Junto A Mí,Paulina Rubio
Solo Por Ti,Paulina Rubio
Bésame En La Boca,Paulina Rubio
Tú Y Yo,Paulina Rubio
Pobre Niña Rica,Paulina Rubio
Hoy Te Deje De Amar,Paulina Rubio
Sola,Paulina Rubio
Si Te Marchas Con Otra,Paulina Rubio
Sabor A Miel,Paulina Rubio
Abriendo Las Puertas Al Amor,Paulina Rubio
Nada Puedes Hacer,Paulina Rubio
Maldito Amor,Paulina Rubio
The Journey Begins,Harford
A Dance Of Love,Harford
Stiff Competition,Harford
Stepping On Toes,Harford
The Right Path,Harford
Uneven Circles,Harford
Partner,Harford
A Slow Seduction,Harford
Waiting In Line,Harford
Tango For Two,Harford
Estoy Impulsado Por El Sol (powered by the sun),Blackjesus Yoshua
Estoy Poniendo Pipa (laying pipe),Blackjesus Yoshua
Estado Mental Como Arma (weaponized mindstate),Blackjesus Yoshua
La Terrible Verdad (the awful truth),Blackjesus Yoshua
Este Espejo De Mentes (this mirror of minds),Blackjesus Yoshua
Ciento Veinte Voy a Contar (count to 120),Blackjesus Yoshua
Viejos Me Xi (old Me Xi people),Blackjesus Yoshua
Lavarse la Boca (wash yo mouth),Blackjesus Yoshua
Desliza Bolas en tus Mandíbulas (slide balls in your jaws),Blackjesus Yoshua
About to Blow,Apache Chief
About to Blow - Radio Edit,Apache Chief
About to Blow - Instrumental,Apache Chief
Mean Old Fireman (Live),Mean Old Fireman & the Cruel Engineers
GLOCK,Philly Heat
Ratchet Life Freestyle,GreenEyez
Spell,Radio Base
Ain't No Love (feat. Melain),Radio Base
Hokey Pokey (feat. King Tiy & Too $hort),Radio Base
Bad One (feat. King Tiy),Radio Base
Naked,Radio Base
Cannabis,Finestyle
Intro.,J-Dooly
Angela.,J-Dooly
Let Me Tell You Pt. 2,J-Dooly
Lifes-Amazing.,J-Dooly
"I'm Winning, I'm Winning, Pt. 2",J-Dooly
Wont Be The Same.,J-Dooly
Doing My Thang.,J-Dooly
How I Live.,J-Dooly
"Life-Unit, Not Like Me, Pt. 2",J-Dooly
Outro.,J-Dooly
Yards and Yards,Infinite Nylon
Clumsy,Infinite Nylon
Left Away,Infinite Nylon
Distance After,Infinite Nylon
Leverage,Infinite Nylon
Morning Dream,Infinite Nylon
Small City Love,Infinite Nylon
Retrograde,Infinite Nylon
Sundry Items,Infinite Nylon
Veiled Form,Infinite Nylon
Truth or Dare,Infinite Nylon
Vestiges,Infinite Nylon
Wandering Whale,Infinite Nylon
Virtue Traded,Infinite Nylon
Xi,Infinite Nylon
Wisdom,Infinite Nylon
Big Moments,Infinite Nylon
Original,Josh Swish
Diamonds,Josh Swish
Green Sweets,Josh Swish
Mango,Josh Swish
Black,Josh Swish
Strawberry,Josh Swish
Grape,Josh Swish
Peach,Josh Swish
Blueberry,Josh Swish
Chocolate,Josh Swish
Tropical Fusion,Josh Swish
Hugh Heff,Chuck Maguire
Free FB (Intro),Fast Money Neph
Reaper Music,Fast Money Neph
Business,Fast Money Neph
10N,Fast Money Neph
Fast Flow,Fast Money Neph
Hittin,Fast Money Neph
Clueless,Fast Money Neph
"Fast Story, Pt. 1",Fast Money Neph
Fully,Fast Money Neph
Through the City,Fast Money Neph
Active,Fast Money Neph
Lurkin,Fast Money Neph
Money Counter Music,Fast Money Neph
Who is Fast?,Fast Money Neph
Super Max Zombie,Titobeats
Trick or Treat,Titobeats
Spooky,Titobeats
Nightcrawler,Titobeats
Crazy,Titobeats
Courage,Titobeats
Selfless,Titobeats
7 Deadly Sins,Titobeats
Anarchy,Titobeats
Analog Nightmare,Titobeats
Castlevania,Titobeats
Chants,Titobeats
Draculette,Titobeats
Zuma Beach,Harris Hausen
Surf,Harris Hausen
Midnight Tide,Harris Hausen
Spanish Surf,Harris Hausen
Hot Rod,Harris Hausen
Motor,Harris Hausen
Mas Chingon (feat. Benny Tarantino),Big Rome
I (EyE),MK Virgo
The Introduction,Da Brat
Survivor (feat. Da Brat) - Remix - Extended Version,Destiny's Child
Boom,"Royce Da 5'9"""
What We Gonna Do,Rah Digga
If Looks Could Kill (You Would Be Dead),Beyoncé
Cards Never Lie,Beyoncé
The Last Great Seduction,Beyoncé
B.L.A.Z.E.,Casey Lee
Black & Blue,Mos Def
Stop That!,Beyoncé
Blaze Finale,Casey Lee
Immortal Beloved (Outro),Da Brat
"Bootylicious feat. Missy Elliot (Remix) (feat. Missy ""Misdemeanor"" Elliott) - Rockwilder Remix",Destiny's Child
Ride With a Loc,Whosthahottest
Power,Alei Islah
Ratchet Shit,Alei Islah
STRIPPER SEASON,Alei Islah
Move Bitch,Alei Islah
Hoochie Mami,Alei Islah
Back n Forth,Alei Islah
Throw that Ass,Alei Islah
Only Fans,Alei Islah
Chanel,Alei Islah
Shake That Ass,Alei Islah
I'm A Boss,Alei Islah
Poppin,Alei Islah
Run It Up,Alei Islah
Posse Up,Techniec
Bad Things - The Theme From 'True Blood',Jace Everett
Anywhere You Wanna Go - Alt. Version,Yung Shadøw
Now She Mad,Tsar Kangroo
My Pet Cat Ate the Last Brownie,Tsar Kangroo
I Can't Remember What It Feels Like to Be Happy,Tsar Kangroo
"Gvsu, Who?",Tsar Kangroo
Fast Song,Tsar Kangroo
2020 (System Failure),Tsar Kangroo
Hopeless Poisson,Tsar Kangroo
"1,000 or 1000",Tsar Kangroo
France,Tsar Kangroo
We Will Never Understand,Tsar Kangroo
10 Commandments,Cannaboy
Stand Back,Cannaboy
What It Do,Cannaboy
Girls Girls,Cannaboy
Can‘t Wait,Cannaboy
When I Win I Lose,Cannaboy
Drugs Thugs,Cannaboy
What You Know About,Cannaboy
Tongue Kisses,Cannaboy
Girls Girls - Remix,Cannaboy
When I Win I Lose Country Mix - Remix,Cannaboy
Rock Out,Whosthahottest
Pensamientos Positivos,Estudiar Bien
A Year and a Day,Raphaël Novarina
Relaxation,Workchill
Avril,Raphaël Novarina
Brain Power,Workchill
Notre envol,Raphaël Novarina
Lago di garda,Raphaël Novarina
Serenity,Workchill
Harmony,Study Help
Chill,Study Help
Relaxing Music,Study Help
Focus,Study Solution
Soft Piano,Piano Deep Relax
Brain Power,Study Solution
Work,Study Solution
Study Better,Study Better
Zen,Workchill
Harmony,Workchill
Study,Workchill
Relax,Study Better
Peaceful Piano,Study Better
Study Now,Study Help
Chillout,Workchill
Concentration,Study Solution
Chill,Workchill
Soft Piano,Study Better
Zen,Study Better
Relaxation,Study Solution
Memory,Study Success
Sleep,Study Better
Peaceful Piano,Study Solution
Concentration,Study Help
Chill,Study Better
Piano Relajante,Study Help
Brain Food,Study Solution
Workchill,Workchill
Story,Piano Deep Relax
Success,Study Success
Concentration,Piano Deep Relax
Relaxation,Study Better
Study,Study Solution
Deep Focus,Study Help
Days,Piano Deep Relax
Dormir,Estudiar Bien
Inner Focus,Piano Deep Relax
Better Learning,Study Solution
Home,Piano Deep Relax
Brain Power,Study Time
Soft Relax,Piano Deep Relax
Sleep and Relax,Piano Deep Relax
5g Tower,Finestyle
Greedy Girl,CiRcUs LiBeRtY
Madman,Conjecture City
Digital Hate,Conjecture City
Sunrise,Conjecture City
The Cuteness,Conjecture City
Realism,Conjecture City
Connection,Conjecture City
Drowning In Success,Conjecture City
Where's My Party,Conjecture City
Eternal Education,Conjecture City
Procrastination,Conjecture City
Identity,Alei Islah
CIRCUMSTANCES,Alei Islah
Frozen,Alei Islah
BOO,Alei Islah
CARE,Alei Islah
Soul Wide Open,Alei Islah
If Walls Could Talk,Alei Islah
Toxic Love,Alei Islah
Bright Side,Alei Islah
Ain't Worried Bout Shit,Alei Islah
Shawty,Alei Islah
Thug Cry,Alei Islah
GANG,Alei Islah
Púdrete en la Tristeza,The Homeboyz
The Resolution,Jack's Mannequin
ZeRoS,Young Gstar
Burghölzli,Howard Shore
Miss Spielrein,Howard Shore
Galvanometer,Howard Shore
Carriage,Howard Shore
He's Very Persuasive,Howard Shore
Sabina,Howard Shore
Otto Gross,Howard Shore
A Boat with Red Sails,Howard Shore
Siegfried,Howard Shore
Freedom,Howard Shore
End of the Affair,Howard Shore
Letters,Howard Shore
Confession,Howard Shore
Risk My Authority,Howard Shore
Vienna,Howard Shore
Only One God,Howard Shore
Something Unforgivable,Howard Shore
Reflection,Howard Shore
Siegfried Idyll,Howard Shore
Jim Beam,Midnight River Choir
Mountain Top,Midnight River Choir
Back Down to Broke,Midnight River Choir
Thinkin About,Midnight River Choir
Loving You,Midnight River Choir
Fools of Love,Midnight River Choir
Mexico or Never,Midnight River Choir
Rather Love a Memory,Midnight River Choir
Still in Love With You (Call Me a Fool),Midnight River Choir
Rock & Roll Shoes (feat. Steve Littleton),Midnight River Choir
You Broke Another Heart Tonight,Midnight River Choir
Forever Scarred (Intro),Deuce 2much
Ynic,Deuce 2much
Bitch Wait,Deuce 2much
Hold on,Deuce 2much
Emotionally Reminiscing,Deuce 2much
May 29th,Deuce 2much
Baefriend,Deuce 2much
Dawg Shit,Deuce 2much
Court Appearances,Deuce 2much
Head On Collision,New Found Glory
Hit Or Miss,New Found Glory
Hit The Floor,Lil Sinn
Cold Nightmare,Bollobas
Reckless Pleasure,Bollobas
Wisdom In the Sun,Bollobas
The Missing Town,Bollobas
Everybody Needs at Least One Friendship,Bollobas
Envy to Go,Bollobas
Staring at My Heart,Bollobas
Alcoholic Limo,Bollobas
Overt Fox,Bollobas
Information Is My Favorite Game,Bollobas
Duce in My Sprite,Babyface Bizzy
Racks,Slumm Prince
Brand New,Slumm Prince
Walk Through,Slumm Prince
Make Me,Slumm Prince
Need a Drank,Slumm Prince
Thinking About You,Slumm Prince
Riding Solo,Slumm Prince
A Real One,Slumm Prince
No Justice,Slumm Prince
Hit Diffrent,Slumm Prince
Lose Hope,Slumm Prince
Prove It,Slumm Prince
Vent,Slumm Prince
Energy,Slumm Prince
All Night,Slumm Prince
Mobbing,Slumm Prince
How I'm Living,Slumm Prince
To Turnt,Slumm Prince
Baby I'm Scared of You,Womack & Womack
Our Time,Leon Ware
What About Me,CHIC
Delightful,Narada Michael Walden
Easier to Love,Sister Sledge
Madamoiselle,Foxy
I'm About Loving You,Al Hudson
Inner City Blues (Make Me Wanna Holler),The Impressions
Street Tough,Ben E. King
Night Rider,Womack & Womack
Do You Really Want an Answer?,Zapp
I'm In Love (And I Love the Feeling),Rose Royce
Don't Turn the Lights Off,Margie Joseph
Papillon (Hot Butterfly),Chaka Khan
You Bring Out the Best In Me,The Natural Four
Easy Street,Sister Sledge
Riding High,Faze-O
90% of Me Is You,Gwen McCrae
Oh No Not My Baby,Aretha Franklin
Be My Lady,The Meters
Your Way,Kleeer
Right On for the Darkness,Curtis Mayfield
Move Me No Mountain - Lew Hahn Remix,Chaka Khan
Preacher Man,The Impressions
The Awakening,Narada Michael Walden
Love Supreme,T-Connection
Problem Solver,Lenny Williams
Answers,EKT 40
Show the Devil How,Drew Cooper
Hangovers and Heartaches,Drew Cooper
Beat Up Broke Down,Drew Cooper
Hard to Ride,Drew Cooper
Pictures On the Wall,Drew Cooper
Easy Girls,Drew Cooper
Hark! The Herald Angels Sing,John Tesh
We Wish You A Merry Christmas,John Tesh
Good King Wenceslas,John Tesh
The Little Drummer Boy,John Tesh
Joy To The World,John Tesh
Have Yourself A Merry Little Christmas,John Tesh
What Child Is This?,John Tesh
"Good Christian Men, Rejoice",John Tesh
Carol Of The Bells,John Tesh
Song For Prima,John Tesh
O Tannenbaum (Oh Christmas Tree),John Tesh
God Rest Ye Merry Gentlemen,John Tesh
One Final Wish,John Tesh
White Christmas,John Tesh
I Walk Alone,A New Orchestra
Along the Path,A New Orchestra
Defending the Weak,A New Orchestra
The River of Trust,A New Orchestra
Moving Mountains,A New Orchestra
Always Catching Up,A New Orchestra
When in Doubt,A New Orchestra
Sounds of the Past,A New Orchestra
Play on Words,A New Orchestra
Heralding the Future,A New Orchestra
Now I'm With You - Main,Jon B.
Now I'm With You - Instrumental Version,Jon B.
Don't Talk,Jon B.
Don't Talk - Street Remix,Jon B.
Don't Talk - Instrumental,Jon B.
Spectacular Music for Hardly Working,Work Music
Wondrous Backdrops for Offices,Work Music
Background for Working,Work Music
Jazz Ballad Soundtrack for Working,Work Music
Romantic Coworking,Work Music
Mind-blowing Offices,Work Music
Tremendous Moods for Working,Work Music
Elegant Piano and Acoustic Bass - Vibe for Working,Work Music
Stylish Ambience for Co Working Spaces,Work Music
Deluxe Ambiance for Co Working Spaces,Work Music
Pulsating Music for Hardly Working,Work Music
Spirited Backdrops for Coworking,Work Music
Background for Coffee Breaks,Work Music
Jazz Ballad Soundtrack for Coffee Breaks,Work Music
Tasteful Working,Work Music
High Class Offices,Work Music
Lively Moods for Co Working Spaces,Work Music
Unique Piano and Acoustic Bass - Vibe for Coffee Breaks,Work Music
Beautiful Ambience for Coworking,Work Music
Casual Ambiance for Working,Work Music
Rock With U,Ysjonas
Mhmmm,Ysjonas
Legacy,Ysjonas
Turn Me UP,Ysjonas
What Would You Do For A Rack? (WWYDFAR?),Emmet Trill
Cachita,Ricardo Montaner
Soy Tuyo,Ricardo Montaner
Quisiera,Ricardo Montaner
Entre Las Ramas,Ricardo Montaner
Así,Ricardo Montaner
Una Mañana Y Un Camino,Ricardo Montaner
Arráncame La Vida,Ricardo Montaner
Cuando Ellas Dicen,Ricardo Montaner
En La Faz De La Tierra,Ricardo Montaner
En Mis Sueños Mejores,Ricardo Montaner
Para Siempre,Ricardo Montaner
No Te Pareces A Mi,Ricardo Montaner
Un Amor Más Grande Que El Amor,Ricardo Montaner
Atrapando Nubes,Ricardo Montaner
Viene Del Alma,Ricardo Montaner
Pasa Todo (Passa Tutto),Ricardo Montaner
Wavy,GC Classics
Sweet Marijuana,GC Classics
Yleanas Beat,GC Classics
I Did It,GC Classics
Purging,GC Classics
Travesura,GC Classics
Indio Style,GC Classics
Dear Lord,GC Classics
Freak,GC Classics
Ez Ryder,GC Classics
Intro,Brymir
For Those Who Died,Brymir
Risen,Brymir
The Black Hammer,Brymir
Nephilim,Brymir
Prelude,Brymir
Slayer of Gods,Brymir
Thus I Became Kronos,Brymir
Stormsoul,Brymir
The Rain,Brymir
Pantheon of Forsaken Gods,Brymir
Parar,Noob_Memeus
Painted Ladies,Ian Thomas
To Comfort You,Ian Thomas
What A Day To Fall In Love,Ian Thomas
So Cold In The City,Ian Thomas
The Runner,Ian Thomas
Little Dreams,Ian Thomas
Hold On,Ian Thomas
Right Before Your Eyes,Ian Thomas
Twenty Five Thousand Days,Ian Thomas
Pilot,Ian Thomas
Where She Sleeps,Ian Thomas
Long Long Way,Ian Thomas
Arándanos,Noob_Memeus
Go,380
DMV FLOW,Young Cassanova
Suskind,Mourning Sects
Facile and Cloying,Mourning Sects
Cooper Village,Mourning Sects
Schoolboy Drama,Mourning Sects
Nothing but Women,Mourning Sects
Aladdin,Mourning Sects
Adult Owen,Mourning Sects
Smothering Demands,Mourning Sects
Wild Boars,Mourning Sects
The Fragile Couple,Mourning Sects
Tight Bonds,Mourning Sects
Wildly Gyrating,Mourning Sects
Glory Holes,Mourning Sects
Naito Parkway,Mourning Sects
His Girlfriends Girlfriend,Mourning Sects
New Jerzy,Mourning Sects
Zulawski,Mourning Sects
The Urbane,Mourning Sects
Look Around,GOE
Cyborg,Solomon Bellamy
Bungee,Solomon Bellamy
Free,Solomon Bellamy
Dead End,Solomon Bellamy
Pots N Pans,Solomon Bellamy
Don't Go,Solomon Bellamy
Rest,Solomon Bellamy
Lonely,Bam StaxkAlot
Trap In The Trenches,Bam StaxkAlot
Disrespect,Bam StaxkAlot
Playin In The Booth,Bam StaxkAlot
Opposition,Bam StaxkAlot
Get Wit Me,Bam StaxkAlot
Tryna Spin,Bam StaxkAlot
White Boy,Bam StaxkAlot
Letter To 9,Bam StaxkAlot
MegaMix Intro,Various Artists
Angel On My Shoulder - Extended Edit,Kaskade
Down Down Down,No-Tone
Runaway - DJ Sign & Robert Heart Remix,Tom Novy
Pjanoo,Eric Prydz
Everything,Ron Reeser
Love Is Gone - Fred Rister & Joachim Garraud Remix,David Guetta
The Storm - Inpetto Remix,Jerry Ropero
Another Place - Maximal D Essed Mix,Mischa Daniels
Addicted - Club Mix,Serge Devant
What A Wonderful World - Club Mix,Axwell
Imagination - Kaskade Club Remix,JES
Can You Understand English? - Extended Mix,David Waxman
Underneath - DJ Antoine vs. Yoko Remix,DJ Antoine
Stay - Extended Mix,JJ Flores
The One - Joachim Garraud & David Guetta Remix,Sharam
I Am Not Drunk - The Bloody Beetroots Remix,Benny Benassi
In and Out of Love - Richard Durand Remix,Armin van Buuren
Radio Crash - Original Extended,Ferry Corsten
All I Ever Wanted - DJ Alex Extended,Basshunter
Geekd Up,FreeMind619
Geekd Up - Instrumental,FreeMind619
Marinero (Marinaio),Massiel
Corazón de hierro,Massiel
Basta de peleas,Massiel
Más fuerte,Massiel
Quiero amarte hasta el fondo de mi corazón,Massiel
Siento fuego,Massiel
No voy a morir por ti,Massiel
Autorretrato,Massiel
Era otro tiempo,Massiel
Mala hierba (Super Lover),Massiel
Te fuiste,Massiel
Acordeón,Massiel
Sola en libertad,Massiel
Voy a empezar de nuevo,Massiel
La noche,Massiel
Check This,Baby Jamo
No Getting Ova,Philly Heat
Bucket Gang,ZayWild
Runaway,Tonic Echo
Changes (Remastered in 2015),Gamma Ray
Rich and Famous (Remastered in 2015),Gamma Ray
As Times Goes By (Remastered in 2015),Gamma Ray
(We Won't) Stop the War (Remastered in 2015),Gamma Ray
Father and Son (Remastered in 2015),Gamma Ray
One with the World (Remastered in 2015),Gamma Ray
Start Running (Remastered in 2015),Gamma Ray
Countdown (Remastered in 2015),Gamma Ray
Dream Healer (Remastered in 2015),Gamma Ray
The Spirit (Remastered in 2015),Gamma Ray
Sail On (Remastered in 2015) [Live],Gamma Ray
Changes (Remastered in 2015) [Live],Gamma Ray
One with the World (Live at Wacken 2001),Gamma Ray
Dream Healer (Live in Montreal 2006),Gamma Ray
Changes (Blast from the Past Version - Remastered in 2015),Gamma Ray
Rich and Famous (Blast from the Past Version - Remastered in 2015),Gamma Ray
One with the World (Blast from the Past Version - Remastered in 2015) [Live],Gamma Ray
Dream Healer (Blast from the Past Version - Remastered in 2015) [Live],Gamma Ray
Heroes (Preproduction),Gamma Ray
Dream Healer (Preproduction),Gamma Ray
As Times Goes By (Preproduction - Kai on Vocals),Gamma Ray
(We Won't) Stop the War (Preproduction - Kai on Vocals),Gamma Ray
Dream Healer (Demo - Kai on Vocals),Gamma Ray
Rich and Famous (Demo - Kai on Vocals),Gamma Ray
WHAT YOU TRYNA DO?,Prince Hakimi
Infinite Escape,Artamene
Fear of Darkness,Artamene
Heavy Motion,Artamene
Mayhem,Artamene
Shining Black,Artamene
Inshushinak,Artamene
Rain of Paradise,Artamene
Petrichor,Artamene
Shake Your Groove Thing,Peaches & Herb
Don't Leave Me This Way - Single Version,Thelma Houston
Funkytown - Single Version,Lipps Inc.
I Will Survive - Edit,Gloria Gaynor
Celebration,Kool & The Gang
Upside Down,Diana Ross
Dancing Machine - Single Version,The Jackson 5
Y.M.C.A. - Single Version,Village People
Car Wash - Single Version,Rose Royce
Everlasting Love,Carl Carlton
Stomp!,The Brothers Johnson
Last Dance,Donna Summer
Shake Your Groove Thing - Karaoke Version,Peaches & Herb
Don't Leave Me This Way - Karaoke Version,Thelma Houston
I Will Survive - Karaoke Version,Starmania
Dancing Machine - Karaoke Version,The Jackson 5
Crooked Amerika,Plap Fieldz
Out Da Mud,Plap Fieldz
Kissin On Dat Pussy,Plap Fieldz
Got Me Lit,Plap Fieldz
Watch Over Me,Plap Fieldz
Take Off,Plap Fieldz
Living By The Code,Plap Fieldz
Push It,Plap Fieldz
Freestyle,Plap Fieldz
Streets Made Me,Plap Fieldz
Bout Dat Life,Plap Fieldz
Regulators,Plap Fieldz
Safe Sex,Plap Fieldz
I Was Taught,Plap Fieldz
Another Ghetto Story,Plap Fieldz
Rebirth,Plap Fieldz
Intro,$lumdogchedda
Bluntly Speaking,$lumdogchedda
Hump Appeal,$lumdogchedda
Frisco Connect,$lumdogchedda
Smoke Sum'n,$lumdogchedda
Green House,$lumdogchedda
Cheers,$lumdogchedda
Fuckin' Hoes,$lumdogchedda
What Dat Money Do,$lumdogchedda
NO SE SI ME ENTIENDES,Prince Hakimi
Ain't Foolin Me,V12
Space,Solomon Bellamy
When Mercury Cries,Solomon Bellamy
The Waltz on Mars,Solomon Bellamy
Eternal - Album Version (Edited),David Banner
Talk To Me - Album Version (Edited),David Banner
Like A Pimp (Remix) - Album Version (Edited),David Banner
Crank It Up - Album Version (Edited),David Banner
Pretty Pink - Album Version (Edited),David Banner
Pop That - Album Version (Edited),David Banner
My Lord - Album Version (Edited),David Banner
The Game - Album Version (Edited),David Banner
Gots To Go - Album Version (Edited),David Banner
The Christmas Song,David Banner
Baptized in Dirty Water (Interlude) - Album Version (Edited),David Banner
Ooh Aah - Album Version (Edited),David Banner
Mamma's House - Album Version (Edited),David Banner
So In Love - Album Version (Edited),David Banner
Lil' Jones - Album Version (Edited),David Banner
Air Force Ones - Album Version (Edited),David Banner
We Ride Them Caddies - Album Version (Edited),David Banner
The End (Interlude) - Album Version (Edited),David Banner
Adicto,La Clave Con Swing
Cambie de Canal,La Clave Con Swing
El Hombre No Llora,La Clave Con Swing
Entre Mis Manos,La Clave Con Swing
Lo Siento,La Clave Con Swing
Me Enamore,La Clave Con Swing
Mi Habitación,La Clave Con Swing
Mujer Falaz,La Clave Con Swing
Por Que Te Vas,La Clave Con Swing
Si Volviera a Nacer,La Clave Con Swing
Viva Su Vida,La Clave Con Swing
Hero,Annamation
Are You With Me - Radio Edit,Lost Frequencies
The World Is Yours,Ian Brown
On Track,Ian Brown
Sister Rose,Ian Brown
Save Us,Ian Brown
Eternal Flame,Ian Brown
The Feeding Of The 5000,Ian Brown
Street Children,Ian Brown
Some Folks Are Hollow,Ian Brown
Goodbye To The Broken,Ian Brown
Me And Your Forever,Ian Brown
Illegal Attacks,Ian Brown
The World Is Yours (Reprise),Ian Brown
Measure Of Distraction,Starfish Knights
Life Without Courage,Starfish Knights
Demand Justice,Starfish Knights
A Chance For Remorse,Starfish Knights
Nocturnal Realism,Starfish Knights
Twister,Starfish Knights
Friendship,Starfish Knights
Loneliness,Starfish Knights
Early Morning Strength,Starfish Knights
Justice Party,Starfish Knights
The Boy Is Mine - Radio Edit,Brandy
I Swear,All-4-One
Don't Let Go (Love),En Vogue
So In Love with You,U.N.V.
Captured,Ephraim Lewis
Coming Back to You,Glenn Jones
Twisted,Keith Sweat
I Wanna Sex You Up,Color Me Badd
Freak Like Me,Adina Howard
Stay,Eternal
Freak Me,Silk
Hotel California,Al B. Sure!
Love You All My Lifetime,Chaka Khan
Cupid - Radio Edit,112
I Wanna Be Down,Brandy
Hold On,En Vogue
I Can Love You Like That,All-4-One
All 4 Love,Color Me Badd
Angel of Mine,Eternal
Never Ever,All Saints
I'll Give All My Love to You (Single Version),Keith Sweat
Stroke You Up,Changing Faces
Right Now,Al B. Sure!
Let's Stay Together - Midnight Mix,Eric Benét
It Should've Been You,Teddy Pendergrass
Sing To Me (feat. Karen O),Walter Martin
Catfish,Alei Islah
Warm Up,Alei Islah
Leuv Letter,Alei Islah
So Many Changes,Alei Islah
MVMNT II (Get to it),Alei Islah
Yea Yea,Alei Islah
Boo-ya (Doo-ya),Alei Islah
Hunnid Ways (100 Ways),Alei Islah
Nineteen Ninety-seven (1997),Alei Islah
Trigger Happy,Alei Islah
Just Call Le Chris,Alei Islah
Moonwalk'N,Alei Islah
Exposed,Alei Islah
Red Rose Polka,The Czechaholics
Black Gypsy Waltz,The Czechaholics
Cradle Polka,The Czechaholics
Beautiful Shepherdess Waltz,The Czechaholics
Chimney Sweep Polka,The Czechaholics
Dreamboat Waltz,The Czechaholics
Walk Through This World With Me,The Czechaholics
Gander Polka,The Czechaholics
Garden Waltz,The Czechaholics
Lorianna Polka,The Czechaholics
Happiness Waltz,The Czechaholics
"Is It Wrong, For Loving You?",The Czechaholics
Maryann Waltz,The Czechaholics
Roaring Mountains Polka,The Czechaholics
Little Tavern Waltz,The Czechaholics
The More I Love You,The Czechaholics
Shiner Song Polka,The Czechaholics
Bleek's Day by Day,Blackwater Noi.D.
Breakaway,In Hearts Wake
Cold World,Alei Islah
Disrespectful,Alei Islah
Time Gone Come,Alei Islah
Sneak Diss,Alei Islah
Don't Miss,Alei Islah
On Top,Alei Islah
Killing Sympathy,Alei Islah
Bloody Leuv,Alei Islah
Plz Lord,Alei Islah
Timeless,Alei Islah
Why,Alei Islah
Unforgettable,Alei Islah
NYBDY,Alei Islah
Free Smoke (outro),Alei Islah
Capitanes y Lobos,EseEilien
Vibras,EseEilien
Finish Him,HunnitProof Boogie
Arnold Calls Curtains for Cali,Rick & Bubba
Will Ferrell Bday Surprise,Rick & Bubba
Roger Lewis Reports on Penguins,Rick & Bubba
Drugged Up Speedy,Rick & Bubba
Driving Corpse Across Country,Rick & Bubba
Lady Attacked by Dead Chihuahua,Rick & Bubba
Japanese Pot Smoking Monk,Rick & Bubba
Randy the Snake Lover,Rick & Bubba
Dickey Nadmyer Orders DVD,Rick & Bubba
Beaver Gets Teeth Back,Rick & Bubba
Cornbread Set Outside,Rick & Bubba
Dave and the Stinky Spray,Rick & Bubba
The Guys Get Townies,Rick & Bubba
Oompaloompa,Rick & Bubba
We Do Animal Sounds,Rick & Bubba
Bubba's Little League Shout,Rick & Bubba
NJ Trip Drive With Francis,Rick & Bubba
Rock Steady Goes to Pediatrician,Rick & Bubba
Mexican Slogans,Rick & Bubba
Rick Shoots 7 Point With Kids,Rick & Bubba
Whispers on the Wind,Tonic Echo
"Pardon Me - Live at Nippon Budokan, Tokyo, Japan - March 2004",Incubus
"Pantomime - Live at Bukit Kiara Equestarian Park, Kuala Lumpur, Malaysia - March 2004",Incubus
"Talk Shows on Mute - Live ""Bootleg"" Version-Sydney, Australia",Incubus
"A Certain Shade of Green - Live ""Bootleg"" Version-Sydney, Australia",Incubus
Little Ghost,Azure Dream Machine
Cat's Eye,Azure Dream Machine
Cosmic Butterfly,Azure Dream Machine
The Pillars of Creation,Azure Dream Machine
Boomerang,Azure Dream Machine
Head of the Horse,Azure Dream Machine
Fire in the Mist,Azure Dream Machine
Heart of Darkness,Azure Dream Machine
Water Lily,Azure Dream Machine
Sands of the Hourglass,Azure Dream Machine
Con Otra Mas Fea Que Yo,Lily y Su Gran Trio
Culpas Iguales,Lily y Su Gran Trio
No Me Vuelvas a Llamar,Lily y Su Gran Trio
Confiaba en el Amor,Lily y Su Gran Trio
Ayúdame Dios Mío,Lily y Su Gran Trio
Frente a Frente,Lily y Su Gran Trio
Besos Apasionados,Lily y Su Gran Trio
Tu Tienes la Culpa,Lily y Su Gran Trio
Lo Que Te Iba a Decir,Lily y Su Gran Trio
Me Quede Vacía,Lily y Su Gran Trio
Gloom and the Art of Tribulation,Aborted
Serpent of Depravity,Aborted
Funereal Malediction,Aborted
I Got Money,Wnc Whopbezzy
Time Im On,Wnc Whopbezzy
They Don't Like That,Wnc Whopbezzy
Its Up,Wnc Whopbezzy
Fuck Em All,Wnc Whopbezzy
Rollin,Wnc Whopbezzy
Pacsun,Wnc Whopbezzy
Trap House,Wnc Whopbezzy
No Brainer,Wnc Whopbezzy
3rd World Shit,Wnc Whopbezzy
I Stay On E,Wnc Whopbezzy
Lucky #13,Confusion Born
Castaway,Confusion Born
In the Doorway,Confusion Born
162.1.2021,Confusion Born
Lost in the Shipyard,Confusion Born
Grow In Light,Confusion Born
Lone Namecaps,Confusion Born
Survival,Confusion Born
Proj,Confusion Born
They End Up As Stars,Confusion Born
Amenazy,zrfamelystudio
Obelisk,Northlane
Next,Reiss Woods
Zodiac Sign,Sam Bostic
WON'T TELL ON MYSELF,V12
Ascent,Sun & Rain
Ai Yu'os,Joe Garrido
Big Things,Bonney B
Everywhere I Go,Bonney B
Mutombo,Bonney B
Party People,Sonson
Millonario,Dj Akatsuki K3
Road Trip,Finestyle
Love Vibes,Sonson
Run,Nick Nittoli
Top Down,Yung Hop
Pound Puppies,Bonafide Suspects
Il pensiero,Daniele Nick
Ten Dimes,Mac Black
Not Waiting,Keegan Chambers
Take It Easy,Leo Stroke
Prayer Charge,Korey Mickie
We Declare Victory,Korey Mickie
Victory Is Here,Korey Mickie
It Is so Praise,Korey Mickie
Living With Victory,Korey Mickie
It's Still Well,Korey Mickie
Storm Is Passing Over,Korey Mickie
They Don't Know,Korey Mickie
Shananigans,Shannon Alece
Intro Music or Bricks,C.P Da BabyDon
They Want in,C.P Da BabyDon
Money,C.P Da BabyDon
Ball,C.P Da BabyDon
Shootin',C.P Da BabyDon
Where They at,C.P Da BabyDon
Ain't Changed,C.P Da BabyDon
Duffel Bag,C.P Da BabyDon
Damn,C.P Da BabyDon
All Tha Time,C.P Da BabyDon
Sold Dope Cause I Was Broke,C.P Da BabyDon
In Tha Ghetto,C.P Da BabyDon
Goin' Thru Some Thangs,C.P Da BabyDon
Heavy Chevy,C.P Da BabyDon
Antes de Ti,Natassha Reendo
Festival,Acidizer
Peak Time,Acidizer
Primal Hunt,Acidizer
Counter Strike,Acidizer
Boilng Point,Acidizer
Acidize,Acidizer
Tus Labios,Kaneky White
(Intro) SPACESHIP,E.TEE
LIKE IT OR LOVE IT,E.TEE
THE GREAT ESCAPE,E.TEE
IDK,E.TEE
BLESSINGS,E.TEE
MOTIVATED LEVELS,E.TEE
COUNT UP!,E.TEE
MEDICINE BOTTLE,E.TEE
ON DA RUN,E.TEE
SORRY,E.TEE
TIRED,E.TEE
SETTLERS GROVE,E.TEE
UP,E.TEE
PSYch WArd,E.TEE
(Outro) MOB/BLOOD ON THE WALL,E.TEE
PISTOL IN THE GLOVEBOX,E.TEE
POISON,E.TEE
TARGET,E.TEE
PICTURE PERFECT,E.TEE
OH NO!,E.TEE
Intro,K.Hill
Love Scarz,K.Hill
Wasn't Easy,K.Hill
Love Of My Life,K.Hill
Letter From 29,K.Hill
Movie,K.Hill
No Sympathy,K.Hill
Outro,K.Hill
Faze,MK Virgo
Mosh,Lil Kappy
Last,Lil Kappy
Dis Morning,Lil Kappy
Grip,Lil Kappy
Duckin Dem Switches,Romilli
Azul Cielo,Hangeelo Mixx
Bajo el Sol,Dairanath Katherine Mix
Birdies Chirps Through the Rain,ASMR Rain Sounds
Raindrops and Trickling Water,ASMR Rain Sounds
Zen Rain,ASMR Rain Sounds
Peace Rain,ASMR Rain Sounds
Annual Pitter Patter,ASMR Rain Sounds
Droplets Go Down,ASMR Rain Sounds
Lush Pitter Patter,ASMR Rain Sounds
Slow Raindrops,ASMR Rain Sounds
Town Rain,ASMR Rain Sounds
Pitter Patter from Clouds,ASMR Rain Sounds
Rain Casts,ASMR Rain Sounds
Bright Rain,ASMR Rain Sounds
City Rainfall,ASMR Rain Sounds
Rain Always Falls,ASMR Rain Sounds
Dreaming of Pitter Patter,ASMR Rain Sounds
Sunday Shower,ASMR Rain Sounds
Pitter Patter Creates Puddles,ASMR Rain Sounds
The Surrounding Rain,ASMR Rain Sounds
Downtime Rain,ASMR Rain Sounds
Rainfall Passes By,ASMR Rain Sounds
Noisy Street,ASMR Rain Sounds
July Downpour,ASMR Rain Sounds
Rain Comes and Goes,ASMR Rain Sounds
Heavy City Rain,ASMR Rain Sounds
Rumbling Wind and Rain,ASMR Rain Sounds
Loud Rain,ASMR Rain Sounds
Watching the Downpour,ASMR Rain Sounds
Rain with the Wind,ASMR Rain Sounds
Rainfall Keeps Falling,ASMR Rain Sounds
Low Rain,ASMR Rain Sounds
Gorgeous Rain Mood,ASMR Rain Sounds
Wet Weathers,ASMR Rain Sounds
Heavy Rain Falls,ASMR Rain Sounds
Rest to Rain,ASMR Rain Sounds
Calm Sleep Night,ASMR Rain Sounds
Prominent Chirps Through Rainfall,ASMR Rain Sounds
Cloud Of Rain,ASMR Rain Sounds
Afternoon Rain,ASMR Rain Sounds
Downpour in Nature,ASMR Rain Sounds
Rain Street,ASMR Rain Sounds
Gorgeous Rain,ASMR Rain Sounds
Birds Chirp in the Downpour,ASMR Rain Sounds
One Single Night,Sixtwoseven
Wreckless Soul,Sixtwoseven
Joshua's Song,Sixtwoseven
Top of the World,Sixtwoseven
One Single Night (Intrumental),Sixtwoseven
Wreckless Soul (Instrumental),Sixtwoseven
Joshua's Song (Instrumental),Sixtwoseven
Top of the World (Instrumental),Sixtwoseven
GOING DUMB,6kFly
ROAD KILL,6kFly
STATIC,6kFly
NO DEAL,6kFly
TOO CONFIDENTIAL,6kFly
REMIX,6kFly
TIME AND TIME,6kFly
TITAN,6kFly
LIFESTYLE,6kFly
10 UP IN EM,6kFly
CO DEFENDANT,6kFly
KNOW THE GLITCH,6kFly
BENIHANA,6kFly
IF I TOLD YOU,6kFly
FROM THE HEART (IN ATL),6kFly
Mirame,Dj Akatsuki K3
I Believe God,Korey Mickie
Fuccn around,Verde Babii
Por Si No Hay Mañana,Samuel Hernández
Dioses Locos,Laura Alejandra HG
The Only Way (feat. Keenhouse),Futurecop!
Street Hawk (feat. Jane Elizabeth Hanley),Futurecop!
Afterburner (feat. Renegade),Futurecop!
Is It a Crime (feat. Captain Capa),Futurecop!
Far Away (feat. My Tiger My Timing),Futurecop!
Starworshipper (MPM remix),Futurecop!
10 League Boots,Simon and the Astronauts
Los Mas Duros,Natassha Reendo
Take Me Away (Into The Night) - Dave Darell Remix Radio Edit,4 Strings
Take Me Away (Into The Night) - Dave Darell Remix,4 Strings
Take Me Away (Into The Night) - Dennis De Laat Mix,4 Strings
Take Me Away (Into The Night) - Dennis De Laat Dub,4 Strings
Take Me Away (Into The Night) - Dub Darell Radio Edit,4 Strings
Take Me Away (Into The Night) - Dub Darell Remix,4 Strings
Take Me Away (Into The Night) - Katie J. Radio Edit,4 Strings
Take Me Away (Into The Night) - Katie J. Remix,4 Strings
Tomorrow Never Comes,Honey Harper
Under a Plagued Moon,MadMisaki
All The Things That Are Left Behind,Blue Rodeo
One More Night,Blue Rodeo
Waiting For The World,Blue Rodeo
Never Look Back,Blue Rodeo
Sheba,Blue Rodeo
One Light Left In Heaven,Blue Rodeo
Million Miles,Blue Rodeo
Gossip,Blue Rodeo
Don't Let The Darkness,Blue Rodeo
Arizona Dust,Blue Rodeo
In My Bones,Blue Rodeo
Candice,Blue Rodeo
Wasted,Blue Rodeo
You Said,Blue Rodeo
And When You Wake Up,Blue Rodeo
Venus Rising,Blue Rodeo
No Lie Freestyle,King D Mr. Perfect
No Lie Freestyle - Instrumental,King D Mr. Perfect
Allright,Eviltwin and the Leftbehinds
All the Buildings,Eviltwin and the Leftbehinds
Spite,Eviltwin and the Leftbehinds
Tell You,Eviltwin and the Leftbehinds
The Start,Eviltwin and the Leftbehinds
Diamond,Eviltwin and the Leftbehinds
Having a Blast,Eviltwin and the Leftbehinds
Deep Ending,Eviltwin and the Leftbehinds
Captured,Eviltwin and the Leftbehinds
"Military Men, Pt. 2",Rocher
December,Rocher
Leave Your Girlfriend for Me,Rocher
Heart Might Break,Rocher
Used Me,Rocher
The Player,Rocher
Fuck You,Rocher
Art of Letting Go,Rocher
Done Loving You,Rocher
If I Was Straight,Rocher
What I Don't Need,Rocher
"Me, Myself and I",Rocher
Got It,Rocher
Them Gays Be Like,Rocher
Can't Fix My Broken Heart,Rocher
My King,Rocher
The Knight vs the King,Rocher
Generosity's My Enemy,Rocher
I'm Still Me,Rocher
Stay over there,Top oppz
Steppin,Top oppz
Demon time,Top oppz
Pop out,Top oppz
Air it outK,Top oppz
Box em out,Top oppz
Top oppz,Top oppz
Freak Flag,Optimist Prime
One For the Homies,Optimist Prime
"Alright, My Darling",Optimist Prime
Donna's Shadow,Optimist Prime
Skylark,Optimist Prime
Piece of Me,Optimist Prime
Protesting the Protest,Optimist Prime
Digital Dream Girl,Optimist Prime
Belly of the Beast,Optimist Prime
Repeat After Me,Optimist Prime
A Place of Love In Her Heart,Optimist Prime
"Peppermint River, Pt. 1",Optimist Prime
"Peppermint River, Pt. 2",Optimist Prime
"Peppermint River, Pt. 3",Optimist Prime
"Peppermint River, Pt. 4",Optimist Prime
Comfortable,JAYTREMENDOUS
Let's Go Brandon!,MrRead
Fresh Air,Lofi Swole Beats
Retreat,Lofi Swole Beats
Meditation,Lofi Swole Beats
So Chill,Lofi Swole Beats
Unwind,Lofi Swole Beats
Feelings,Lofi Swole Beats
Lay Back,Lofi Swole Beats
Zoned Out,Lofi Swole Beats
Flow,Lofi Swole Beats
Stare,Lofi Swole Beats
Thinking,Lofi Swole Beats
Waves,Lofi Swole Beats
Kick Back,Lofi Swole Beats
Peaceful,Lofi Swole Beats
Dream,Lofi Swole Beats
Sleepy,Lofi Swole Beats
Focus,Lofi Swole Beats
Restore,Lofi Swole Beats
Too Chill,Lofi Swole Beats
River,Lofi Swole Beats
Wondering,Tiny Towns
Take Me Under,Tiny Towns
Better Than This,Tiny Towns
XIII,Tiny Towns
Head,Tiny Towns
No Te Pido Nada,Flaco el Jandro
Tempo,Shinyen
Black Frost,Harvey Mason
Montara,Harvey Mason
If I Ever Lose This Heaven,Harvey Mason
Looking Back,Harvey Mason
Before The Dawn,Harvey Mason
Studio Life (Hold It One Second),Harvey Mason
Places And Spaces,Harvey Mason
Either Way,Harvey Mason
Mase’s Theme,Harvey Mason
Chameleon,Harvey Mason
Looking Forward (Breaking Bad) [Bonus Track],Harvey Mason
Huapangos De Ruben Fuentes,Mariachi Vargas De Tecalitlán
Maria Linda,Mariachi Vargas De Tecalitlán
Amor... Y Mas Amor,Mariachi Vargas De Tecalitlán
Sones De Jalisco,Mariachi Vargas De Tecalitlán
Jose Alfredo Jimenez,Mariachi Vargas De Tecalitlán
Violin Huapango,Mariachi Vargas De Tecalitlán
Pepe Guizar,Mariachi Vargas De Tecalitlán
La Bikina,Mariachi Vargas De Tecalitlán
Popster,Space of a Day
Mismo Lugar,J-Eclectic
Lift off,J-Eclectic
Fear to Lose,Coolness
Gateway to the Americas,J-Eclectic
Gravy,Kidricc James
I Remember,YNE Sosa
Mind Gone,YNE Sosa
No Choice,YNE Sosa
Bed Rock,YNE Sosa
Popping In This Bitxh,YNE Sosa
Baltimore The New Chi-raq,YNE Sosa
Keep It Real,YNE Sosa
Nutz Hang,YNE Sosa
Crabs In The Bucket,YNE Sosa
Is You ?,YNE Sosa
Run It Up,YNE Sosa
By the Book,SYL noiZ
Here for You,Hope College Worship
Gloria Sea Dios,Hope College Worship
All the Poor and Powerless,Hope College Worship
Fall Afresh,Hope College Worship
"10,000 Reasons (Bless the Lord)",Hope College Worship
I Can't Stop Praising Him,Hope College Worship
All Thy Fullness,Hope College Worship
In Feast or Fallow,Hope College Worship
Like Incense / Sometimes By Step (Reprise),Hope College Worship
One Thing Remains / Fall Afresh (Medley),Hope College Worship
Doxology,Hope College Worship
Quasi-Star,Cavedoll
Al Green Flow,Kidricc James
Ashes,Five Finger Death Punch
The Way of the Fist,Five Finger Death Punch
Salvation,Five Finger Death Punch
The Bleeding,Five Finger Death Punch
A Place to Die,Five Finger Death Punch
The Devil's Own,Five Finger Death Punch
White Knuckles,Five Finger Death Punch
Can't Heal You,Five Finger Death Punch
Death Before Dishonor,Five Finger Death Punch
Meet the Monster,Five Finger Death Punch
Never Enough,Five Finger Death Punch
Stranger Than Fiction,Five Finger Death Punch
The Bleeding (Acoustic),Five Finger Death Punch
Go Away,ColdWater
PHD,ColdWater
Hey Pretty Lady,ColdWater
Dead Skin,ColdWater
I Thought I Lost This,ColdWater
Suicide Blues,ColdWater
13,ColdWater
GRASSHOPPER,ColdWater
Seduction,Willow
Por Tu Culpa,Jhon Ffire
Deseos,Dj Samuell King
Gravity,LaShaun Love
I Caught Your Act,Hues Corporation
Ra migo santiago,Orgullo Guerrerense
Vuelve,Jhon Ffire
山頂一隻猴,徐翊寧
斑馬,竹星合唱團
灌肚猴,竹星合唱團
小學生,陳韋同
一隻牛仔真古錐,竹星合唱團
心願,陳韋同
五工工,竹星合唱團
唱歌,竹星合唱團
百家春,竹星合唱團
春天到,竹星合唱團
四時春,竹星合唱團
新娘新娘水噹噹,竹星合唱團
爸爸開車,徐翊寧
愛我的土地,竹星合唱團
客家謎歌,徐翊寧
我們都是一家人,竹星合唱團
Run Boy Run,Danny Shipley
Cut Right,Mac Black
Members,Lil 30
Dangerous (feat. Sam Martin) - Extended,David Guetta
The Oath,Tay G
Land of Fools - Instrumental,J-Eclectic
Introduction,The Paris Sights
Redefined the Art,The Paris Sights
Meticulous Attention,The Paris Sights
Clients at Home,The Paris Sights
"Housework, Sex, And Family Life",The Paris Sights
Gestural and Directional Precision,The Paris Sights
Marmoreal Sensuality,The Paris Sights
Whom She Doesn't Love,The Paris Sights
A Quietly Overwhelming Vision,The Paris Sights
Mythology Unites,The Paris Sights
The Archtype,The Paris Sights
Achievements,The Paris Sights
Artists' Neuroses,The Paris Sights
Dual Portrait,The Paris Sights
Sense of Exile,The Paris Sights
Her Own Absense,The Paris Sights
Ecstatic Beauty,The Paris Sights
A Lover in Vain,The Paris Sights
We Up 1,M.D.O.
Sleep On Me,M.D.O.
I Can See It,M.D.O.
Around Me,M.D.O.
Checking Voice Mail (Skit),M.D.O.
Mo Money Mo Problems,M.D.O.
Talk My Shit,M.D.O.
Vegas Lights,M.D.O.
Drunk Nites,M.D.O.
Have A Good Day,M.D.O.
Deep End,M.D.O.
My Emotions,Billionaire Dollaz
How I Feel,Billionaire Dollaz
Go For That,Billionaire Dollaz
Outside,Billionaire Dollaz
Vince Carter,Billionaire Dollaz
A Cuban's Dream,J-Eclectic
Land of Fools,J-Eclectic
Liberty Valance,James Reeder
It's About Time,James Reeder
Show Me,James Reeder
Kiss My Loneliness Away,James Reeder
Today,James Reeder
Caribbean Girl,James Reeder
'81,James Reeder
One Little Star,James Reeder
You're the Only One,James Reeder
New Kinda Song,James Reeder
Twenty-Three,James Reeder
Will You Still Love Me?,James Reeder
Prooo,Apolooo Dj
96 - ReMastered 2021,Dopeboy Ra
Candylady Grandbaby Interlude - ReMastered 2021,Dopeboy Ra
Checks & Stripes - ReMastered 2021,Dopeboy Ra
First 48 - ReMastered 2021,Dopeboy Ra
Gamblin' House - ReMastered 2021,Dopeboy Ra
Half A Brick - ReMastered 2021,Dopeboy Ra
Heavy Rotation - ReMastered 2021,Dopeboy Ra
Jetski's - ReMastered 2021,Dopeboy Ra
Off White - ReMastered 2021,Dopeboy Ra
Trap Lives Matter - ReMastered 2021,Dopeboy Ra
Misterio,Dj Axel AA4
Glitches of the Past (Hwy 1),J-Eclectic
Chucky No Melody,Chuckyy_103
Hear me öut,Whapö
F e e l,Whapö
Runaway,Whapö
Döwn,Whapö
Dön't leave,Whapö
Wait4MeHere,Whapö
WashAwayThePain,Whapö
Nöt gööd with luv,Whapö
Dash,Whapö
"Shööt me, End me",Whapö
Bad Habit,Ayce
Love Is On Fire,Citycentral Studio
White Raven,MadMisaki
Cult of Paradise,Alluvial Fans
Blowout / Future Games,Alluvial Fans
Droves,Alluvial Fans
Say It's So,Alluvial Fans
Choices,Alluvial Fans
Catharsis Now!,Alluvial Fans
Falafel,Alluvial Fans
Test the Waters,Alluvial Fans
Unnoticed,Alluvial Fans
Something Happened to You,Alluvial Fans
Whole Lotta,10ktherapper
Slow Fall,Lofi Swole Beats
Snuggle,Lofi Swole Beats
Storm Sleep,Lofi Swole Beats
Doze,Lofi Swole Beats
Floating,Lofi Swole Beats
Breezin,Lofi Swole Beats
Nothing To Do,Lofi Swole Beats
Tranquility,Lofi Swole Beats
Dreaming,Lofi Swole Beats
Smooth,Lofi Swole Beats
Reverse Spiral,Lofi Swole Beats
Therapy Sounds,Lofi Swole Beats
Nap Time,Lofi Swole Beats
Rainy Day,Lofi Swole Beats
Fires Hum,Lofi Swole Beats
Forgetting,Lofi Swole Beats
Sweet Dreams,Lofi Swole Beats
Soothing Pitch,Lofi Swole Beats
Starry Story,Lofi Swole Beats
Soft Breath,Lofi Swole Beats
Intro - Live,Rare Essence
Looks Like She Want It - Live,Rare Essence
"Do It Like This (Fire, Fire) - Live",Rare Essence
Where They At - Live,Rare Essence
You Not Ready - Live,Rare Essence
Hit It from the Back - Live,Rare Essence
Clap If It's Good - Live,Rare Essence
Don't Say No - Live,Rare Essence
All da Time - Live,Rare Essence
Loveable - Live,Rare Essence
What It Do? - Live,Rare Essence
All Yours,Apfos
Trap Anthem,Tse E2 X Tse Vic
Joe Frazier,Tse E2 X Tse Vic
Top 3,Tse E2 X Tse Vic
Thhh,Tse E2 X Tse Vic
Bom Bom,Tse E2 X Tse Vic
John Stevans,Tse E2 X Tse Vic
DRILLTIME,Monewaypeso
Rrevenue,Chilly Chills
Cut Corners,Chilly Chills
Hard to Forgive,Chilly Chills
Woah (New Houdhini),Chilly Chills
Rreally Rround,Chilly Chills
Music to My Ears (Is It New Years),Chilly Chills
Every Time,Chilly Chills
Say No Mo,Chilly Chills
Please,Chilly Chills
Solitary Confinement,Chilly Chills
Eye See,Chilly Chills
Yeah 4 Times,Chilly Chills
Million,Chilly Chills
Blow This,Lul Jody
Sore Dime,Quinn Hayes
Altered,J-Eclectic
I Know,Juicethegod
P3,Juicethegod
Hott $Hitt,Juicethegod
Out the Bricks,Juicethegod
Gummo Remix,Juicethegod
Lost,MK Virgo
Can't You Tell,JG Riff
DARK GEMS,Blake Shepperd
I FXCKING HATE MY LANDLORD!,Blake Shepperd
JEFF BEZOS IS WORSE THAN TED BUNDY,Blake Shepperd
MUST BE LOST!,Blake Shepperd
I FXCKING HATE MY LANDLORD! - Jae Havoc Remix,Blake Shepperd
Ene-izm,Band$
Go Kart,MKE Verified
Fckn,Crush Control
Por Dios,Los Montañosos Flow
Asombrosa Eres,Dj Neneco King
AnyArm,Migo Lee
DC Freestyle Part 3,DJ Madd Od
Floyd Butler Intro / This All I Know / Crawfish (Live),Leon Chavis
Get It Right Now / Cowboy / Rock Your Boat (Live),Leon Chavis
Share My Life (Live),Leon Chavis
Suzy Q / Pour Me up (Live),Leon Chavis
Can We Talk (Live),Leon Chavis
Ride on It (Live),Leon Chavis
Unbreakable (Live),Leon Chavis
The Champ Is Here / It Wasn't Me (Live),Leon Chavis
Boozoo Theme / They Sleeping on Me / Trailride Crush (Live),Leon Chavis
Holla at Me (Live),Leon Chavis
Zydeco Girl / Where My Old Lady at (Live),Leon Chavis
Over (2022 Spring Band),Jackson State Sonic Boom of the South
Super Gremlin (2022 Spring Band),Jackson State Sonic Boom of the South
Bang it out Instrumental,zrfamelystudio
Mundo Azul,Miammar Mixi
Represent Da West,Duna A.K.A. Baby Mac Dre
Crack Baby (feat. J-Diggs),Duna A.K.A. Baby Mac Dre
Bitch (feat. Dubee),Duna A.K.A. Baby Mac Dre
Cutthroat Soup (feat. Keak Da Sneak & B-Legit),Duna A.K.A. Baby Mac Dre
Thizz NW (feat. Pete Rose & Bay B-Real),Duna A.K.A. Baby Mac Dre
Mac Sinatra in Vegas (feat. Mac Dre),Duna A.K.A. Baby Mac Dre
Arrrf?!!!,Duna A.K.A. Baby Mac Dre
Thizzlamic Swang,Duna A.K.A. Baby Mac Dre
Da Cross Over,Duna A.K.A. Baby Mac Dre
"Me N' My Niggaz (feat. B-Legit, Zelly Rock & Ms. Sweetz)",Duna A.K.A. Baby Mac Dre
Suckas Can't Tough It,Duna A.K.A. Baby Mac Dre
I'm Screwed,Duna A.K.A. Baby Mac Dre
Duna,Duna A.K.A. Baby Mac Dre
Represent Da West - Radio Version,Duna A.K.A. Baby Mac Dre
Overtown,J-Eclectic
On These Streets (feat. Jobi Locs & Young Swoop),Yantz
Understand Me (feat. Auggie),Yantz
We Run Dat,Yantz
Our Counties (feat. Yonko G),Yantz
Where I'm From (feat. Villain Brothers),Yantz
Don't Fuck With You (feat. Troublez & Lonely Boy),Yantz
From The Gutta (feat. Rico 2 Smoove & Sneaks),Yantz
Connected (feat. Loc),Yantz
Bout Dat (feat. Joedy Joe & Looney Loc),Yantz
With My Day 1's (feat. Chubbz),Yantz
Turn Shit Up (feat. Rulie & Tito Locs),Yantz
Changes,G. Wayne Thomas
Into the Blue,G. Wayne Thomas
Junkyard I & II,G. Wayne Thomas
Red Sun Sea,G. Wayne Thomas
Slipping Away,G. Wayne Thomas
Changes II,G. Wayne Thomas
(That Could Be the Reason) Clouds Cry,G. Wayne Thomas
Gypsy Shoes,G. Wayne Thomas
Hollywood,G. Wayne Thomas
Space and Time,G. Wayne Thomas
Morning Light,G. Wayne Thomas
Keyshia Cole,BBG CERTI
messy,Sam Salisbury
L,Carrington Shropshire
Responsible Run,Gordon Wilcox
Dark Emotions,Warbag
On The Way,Promise the Gahd
Bandz Took - Remix,YoungAge
Betrayed,MyCrazyRO
Rightful History,Rowan Herrera
Dedication (Intro),Yom
Change,Yom
Interlude 1,Yom
I Pray,Yom
Elevate,Yom
I'm Up,Yom
No More Crooked Lines,Yom
Interlude 2,Yom
Better Me,Yom
Blessings,Yom
As I Walk,Yom
Keep the Faith,Yom
Interlude 3,Yom
Growth,Yom
Oh Yah,Yom
Redemption,Yom
Last Days,Yom
Interlude 4,Yom
Where I Stand (Outro),Yom
Live My LIfe,B3NTLY
The Good the Bad,GVO
Love Somebody,GVO
Frontin',GVO
Pour It Up,GVO
The Feeling,GVO
Always on Time,GVO
FirstMilly,GVO
Crazzzy,GVO
Get to Know Ya,GVO
By My Side,GVO
Workin' That Body,GVO
"Bad Bitch, Pt. 2",GVO
Clap with Hands,Yunuen Kayleeann
Plaques 2 Racks,V12
Down Vermillion,Sons of Vengeance
Seethrough,Sons of Vengeance
Two Words to Hurt,Sons of Vengeance
Outbreak,Sons of Vengeance
Join the Crash,Sons of Vengeance
Locked Inside,Sons of Vengeance
Poser,Sons of Vengeance
Forbidden,Sons of Vengeance
Tattered Revolver,Sons of Vengeance
I'll Come Alive,Berry C. Alcorn
This Ain't Love,Berry C. Alcorn
We All Get Fooled,Berry C. Alcorn
Fine Lady,Berry C. Alcorn
Love Monkey,Berry C. Alcorn
Reggae Woman,Berry C. Alcorn
Don't Spare the Water,Berry C. Alcorn
Wonder Brigade,Berry C. Alcorn
Mi Fuego,Berry C. Alcorn
My Sweet Love,Berry C. Alcorn
2nite,Kill BAM
POW,LILUZI
One Day,G Les Anxious
2 Bad,Jaylaflame
Grandmaster,Addison Mueller
What Would She Know,Asher cataldo
Free Rondo,Nawfside Deuce
thebreakdown CMGTy,Nawfside Deuce
Burried ta me,Nawfside Deuce
ski mask,Nawfside Deuce
Please Deuce,Nawfside Deuce
6iGGest GoriL7a,Nawfside Deuce
SSSSSSSSSSS,Nawfside Deuce
Fukk Dese niggasx2,Nawfside Deuce
Money,Nawfside Deuce
Nawfside,Nawfside Deuce
4rc,Nawfside Deuce
From Da Nawf (ZMIX),Nawfside Deuce
6DoubleGDeuce,Nawfside Deuce
soldierXdojo,Nawfside Deuce
NoHookMF,Nawfside Deuce
broke,Nawfside Deuce
apXdeuce,Nawfside Deuce
GDeuce,Nawfside Deuce
NoHook3,Nawfside Deuce
50kX.22,Nawfside Deuce
FDN4,Nawfside Deuce
Mi Ultimo Aliento,Jor Posada
Mi Corazon y Tus Mentiras,Jor Posada
Las Ganas,Jor Posada
La Vida Me da Sorpresas,Jor Posada
Ansias de Amor,Jor Posada
Me Equivoque Contigo,Jor Posada
Algo Esta Pasando ( Sin Mi ),Jor Posada
Ya Estufas,Jor Posada
Como el Sol,Jor Posada
Recuerdos,Jor Posada
How I Feel,LUCKY3RD
By My Side,Ear Ringers
A Million Miles From Home,Ear Ringers
Intro,Swishahouse
# One Mix,Swishahouse
# One,Swishahouse
Body Rock,Swishahouse
Country Star,Swishahouse
Raised Me,Swishahouse
Ghetto Platinum,Swishahouse
Freestyle,Swishahouse
U Know Me,Swishahouse
Problemz,Swishahouse
Renegade,Swishahouse
No More Pain,Swishahouse
Just Can't,Swishahouse
Roll Out,Swishahouse
Raise Up,Swishahouse
Beep Freak,Swishahouse
Hide,BlueStar
Better Days,Alexus Hill
Asunder,Beneath
Visage,Beneath
"The Departure (Speak, Pt. I)",Beneath
Poultice,Beneath
Worst Eastern,Beneath
The Shining Youth,Beneath
"Welcome Home (Speak, Pt. II)",Beneath
There Was Oposition on W. Montgomery - Screwed & Chopped,Pollie Pop
Grapples on Veterans Memorial - Screwed & Chopped,Pollie Pop
Brawlin on Nalden - Screwed & Chopped,Pollie Pop
Showdown on Kirkwood - Screwed & Chopped,Pollie Pop
Disdain on Bow Lane - Screwed & Chopped,Pollie Pop
Joust Match on Ella - Screwed & Chopped,Pollie Pop
Match Ups on N. Houston Roselyn - Screwed & Chopped,Pollie Pop
Who's the Best on Wilcrest - Screwed & Chopped,Pollie Pop
Beat up That Dork on W. Little York - Screwed & Chopped,Pollie Pop
Striving for Days on Hayes - Screwed & Chopped,Pollie Pop
Push - Kebab & Cream Club Mix,Eric Redd
Push - Big Chief C Club Mix,Eric Redd
Push - Robert Eibach Anthem Mix,Eric Redd
Push - Robert Eibach Anthem Dub Mix,Eric Redd
Mr T Flow,Junipgene
"Can't Let Up, Pt. 2",Cozi the Artist
Beachbilly,Kyle Coulahan
Leave Me Behind,Faith in Failure
The Second Part,Faith in Failure
Crossfire,Black Cats
Childhood,Lil E
Problem (feat. Murph G),Lil E
Hate,Lil E
Solid (feat. D Bo & Kevin Gates),Lil E
I Deserve Ya,Lil E
Runnin' Out,Lil E
Fuckin' Dat (feat. D Bo),Lil E
Businessman,Lil E
Young Wild and Reckless,Lil E
Be About Ya Paypa (feat. Ray Vicks & Nut),Lil E
All Alone,Lil E
Lifestyle,Lil E
Street Life (feat. Kevin Gates),Lil E
Thugged Out (feat. Ralph),Lil E
Put Ya Face on It,Lil E
Joy,Lil E
I Ain't Doin' Des 4 Nun (feat. Joka Slaughtaboi),Lil E
Don't Care,Lil E
Crash (feat. Nut),Lil E
"I’m Good, Pt. 2",Peezy
Summer Sky,Julie Neway
Demon Flow,Snugsworth
Old Fashion Or Ego Trip ?,WeSSmont SSkeme
Jagged Wire,Dillon Roach
Glitch God,36JUNKIE
Coming Through (feat. Pewee),Homeboy Lopez
Work (feat. Lil Cas),Homeboy Lopez
I Just Wanna Smoke (feat. Pewee),Homeboy Lopez
As I Get High (feat. Pewee),Homeboy Lopez
World Wide Hustler (feat. Pewee),Homeboy Lopez
If You Still Down,Homeboy Lopez
Im High,Homeboy Lopez
Point Blank (feat. Pewee),Homeboy Lopez
Linwood Park 2,Homeboy Lopez
Movement,Homeboy Lopez
Smokin on That,Homeboy Lopez
Coming Through Screwed (feat. Pewee),Homeboy Lopez
Work Screwed (feat. Lil Cas),Homeboy Lopez
Point Blank Screwed (feat. Pewee),Homeboy Lopez
Naturistic Human,Plank Mike
WiLD THiNGS,SENGNAW
This World Is Crazy,Lonely Drifter Karen
The Angels Sigh,Lonely Drifter Karen
Passengers Of The Night,Lonely Drifter Karen
The Owl Moans Low,Lonely Drifter Karen
Climb,Lonely Drifter Karen
Casablanca,Lonely Drifter Karen
Professor Dragon,Lonely Drifter Karen
Salvation,Lonely Drifter Karen
Carousel Horses,Lonely Drifter Karen
True Desire,Lonely Drifter Karen
Giselle,Lonely Drifter Karen
No True Woman,Lonely Drifter Karen
La Hierba Canta,Lonely Drifter Karen
Eclectic Tapes,Yota Dora
Suspect,90Rackss
Bella d'estate,Dj Giulio Tartaruga
Ña lo'o maria,Botella musical
Holy Ambition,Mercury Witch
And I Will Ride a Chariot of Light,Mercury Witch
First Crusade,Mercury Witch
Siege of Roses,Mercury Witch
On Letting Go,Mercury Witch
Y'all Ni**az - Slowed,Z-Ro
In My Life - Slowed,Z-Ro
No Bullsh*t - Slowed (feat. Lil’ Head),Z-Ro
Shelter From Tha Storm - Slowed,Z-Ro
Who Could It Be - Slowed (feat. Trae & Dougie D of Guerilla Maab),Z-Ro
Do Whatever - Slowed,Z-Ro
I'm A Gangsta - Slowed (feat. Daz),Z-Ro
I Know You Just A Ho - Slowed (feat. Daz),Z-Ro
Stranger In The Mist - Slowed (feat. Klondike Kat),Z-Ro
Saw'd Off - Slowed,Z-Ro
Lately - Slowed,Z-Ro
"Bang, Bang - Slowed",Z-Ro
I'm A Hustler - Slowed (feat. Daz),Z-Ro
Si Señor,Control Machete
¿Comprendes Mendes?,Control Machete
Manto Estelar,Mœnia
Estabas Ahí,Mœnia
Desiertos,La Ley
Prisioneros De La Piel,La Ley
Robot,Maná
Mentirosa,Maná
La Calle De Las Sirenas,Kabah
"Esperanto (Na, Na, Na)",Kabah
Guitarras Blancas,Los Enanitos Verdes
La Muralla Verde,Los Enanitos Verdes
Si Senor - The IBZ Remix (Bonus Track),Control Machete
The Heartbreak Kid (Intro),Lil Derik
"Thinking, Drinking, Dreaming",Lil Derik
Backup Plan,Lil Derik
Timez 10,Bsgreck
All Cap,Bsgreck
Tweakin,Bsgreck
Inna Stu,Bsgreck
Come On,Bsgreck
No Trust,Bsgreck
2 Options,Bsgreck
Law & Order Freestyle,Bsgreck
No Time Pt. 2,Bsgreck
BulletProof,Bsgreck
Not On Shit,Bsgreck
Stop Da Car,Bsgreck
DND,Bsgreck
Commercials,Blues Company
Invitation To The Blues,Blues Company
Over The City,Blues Company
Shake It Don't Break It,Blues Company
747,Blues Company
Same Old Feeling,Blues Company
Christmas Eve In Germany,Blues Company
The River,Blues Company
Kids,Blues Company
Keepin' The Blues Alive,Blues Company
Blues Is A Feeling,Blues Company
My Guitar And Me,Blues Company
Run Your Finger Through My Hair,Blues Company
MANIFESTING MY REALITY,Karmaa
Sing Pain,Wesley Michael Hayes
Saint,Mike Myz
In My Dreams,ALLiMiin
Fuck Shit,NOHEZZO
Shark bait,Nh-Dmoney
Struggles,Mo Bandz
Menace,Mo Bandz
Chase the Bag,Mo Bandz
Outside,Mo Bandz
Paper Chasing,Mo Bandz
Reckless,Mo Bandz
Nigga What,Mo Bandz
Flexin',Mo Bandz
Straight,Mo Bandz
Fresh,Mo Bandz
Sittin On A Chair,Rich Hardesty
Peaceful Mind,Rich Hardesty
Sunday Morning,Rich Hardesty
The Dooby Song - Old School,Rich Hardesty
Walking Down The Beach,Rich Hardesty
Never Wanna F'n See You Again - Old School,Rich Hardesty
You Turn Me On,Rich Hardesty
I'll Do It For You,Rich Hardesty
Intro,Jaydakay
No Booth,Jaydakay
Misfit,Jaydakay
Gruesome Hit,Jaydakay
Gsr,Jaydakay
By Myself,Jaydakay
Cross Me,Jaydakay
Next Coffin,Jaydakay
Day Dream,Jaydakay
Reaper,Jaydakay
No Fairytale,Jaydakay
4 Me,Jaydakay
Bitch Freestyle,Jaydakay
Dark Place,Jaydakay
12/15,Jaydakay
Coldest Feeling,Jaydakay
Im a Vibe,Mz Blue
La Verdad,Locos Por Juana
Prende,Locos Por Juana
Tantas Veces,Locos Por Juana
Armando,Locos Por Juana
Lo Tienes Todo,Locos Por Juana
Tu Sabes Muy Bien (La Nalga),Locos Por Juana
No Te Preocupes,Locos Por Juana
Fire! (Out In The Streets),Locos Por Juana
De Donde Es? (Imigrante),Locos Por Juana
La Española,Locos Por Juana
Feelin' Good,Locos Por Juana
Calles De Babylon,Locos Por Juana
"Calle Luna, Calle Sol",Locos Por Juana
Hand Advantage,Project Ririsu!
When Time Stopped,Project Ririsu!
Obvious Play,Project Ririsu!
21m,Project Ririsu!
Decentralized,Project Ririsu!
Far Cry From Fantasy,Project Ririsu!
Painless Exposure,Project Ririsu!
Simp City,Project Ririsu!
Lizard Brain,Project Ririsu!
Going Home,Project Ririsu!
Vicious,Project Ririsu!
Headshot,Project Ririsu!
Paper Tower,Project Ririsu!
Still Alive,Project Ririsu!
Dream,Project Ririsu!
Liquid,Project Ririsu!
Optimist,Project Ririsu!
Golden,Solakhyan
R.O.O.F.,LoWlife Molito
Three Feet or So - Live,Carrie Newcomer
Lean in Toward the Light - Live,Carrie Newcomer
The Season of Mercy - Live,Carrie Newcomer
The Beautiful Not Yet - Live,Carrie Newcomer
A Shovel Is a Prayer - Live,Carrie Newcomer
You Can Do This Hard Thing - Live,Carrie Newcomer
Sanctuary - Live,Carrie Newcomer
Breathe in Breathe Out - Live,Carrie Newcomer
The Work of Our Hands - Live,Carrie Newcomer
A Light in the Window - Live,Carrie Newcomer
Cedar Rapids 10 AM - Live,Carrie Newcomer
Help in Hard Times - Live,Carrie Newcomer
Room at the Table - Live,Carrie Newcomer
I Believe - Live,Carrie Newcomer
Geodes - Live,Carrie Newcomer
Silver - Live,Carrie Newcomer
The Gathering of Spirits - Live,Carrie Newcomer
If Not Now - Live,Carrie Newcomer
Rollin,MR. MAGIC
Down South Screwed,Lil Raff
Piya Screwed,Lil Raff
Relax Screwed,Lil Raff
About You Screwed,Lil Raff
Bar None Screwed,Lil Raff
To Young Screwed,Lil Raff
Accident Screwed,Lil Raff
All I Know Screwed,Lil Raff
Club Love Screwed,Lil Raff
Nosy Screwed,Lil Raff
Shout Out Screwed,Lil Raff
Keep on Screwed,Lil Raff
Roll Out Screwed,Lil Raff
To Cold Screwed,Lil Raff
Goodtimes Screwed,Lil Raff
My Block Screwed,Lil Raff
Cold World Screwed,Lil Raff
Dont Know Screwed,Lil Raff
Go Get It Screwed,Lil Raff
Back to the Hood Screwed,Lil Raff
Just One More Song,Denae Joy
Sanctuary Medley,Denae Joy
Revival in the Land,Denae Joy
Words Unspoken,Denae Joy
Mary's Little Lamb,Denae Joy
Open Heart Surgery,Denae Joy
If You Knew How Much I Love Them,Denae Joy
It's Not the First Time (Feat. Daniel Abbott),Denae Joy
The Sun Is Still Shining,Denae Joy
"Sir, Give Me a Drink",Denae Joy
Redeemed,Denae Joy
When the Shepherd Calls,Denae Joy
3x Flow,BMO Yunginz
Too Coo,Chyse
You Got It Made,Chyse
Sheets,Chyse
Whoa,Chyse
F-Out My Way - Remix,Chyse
Natural Beauty,Chyse
Do Re Mi,Chyse
Dirty Looks - Remix,Chyse
Yeah Yeah,Chyse
Sheets - SSMG Dub Step Remix,Chyse
You Got This,Chyse
Top Gun,Greene Reveal
After Party,zrfamelystudio
Restful Music Box,Toddler Songs Kids
Tired Moon,Toddler Songs Kids
Hazy Trance,Toddler Songs Kids
Golden Comforter,Toddler Songs Kids
Nature's Dreamland,Toddler Songs Kids
Nursey Wish,Toddler Songs Kids
Distant Wish,Toddler Songs Kids
Beautiful Pacifier,Toddler Songs Kids
Distant Bedtime,Toddler Songs Kids
Baby Accompaniment,Toddler Songs Kids
Hazy Dream,Toddler Songs Kids
Hushed Music,Toddler Songs Kids
Serene Melody,Toddler Songs Kids
Cozy Wish,Toddler Songs Kids
Calming Tune,Toddler Songs Kids
Soft Pacifier,Toddler Songs Kids
Magical Comforter,Toddler Songs Kids
Twinkling Moon,Toddler Songs Kids
Soothing Dreamland,Toddler Songs Kids
Sleepy Slumber,Toddler Songs Kids
Nocturnal Lullaby,Toddler Songs Kids
Comforting Galaxy,Toddler Songs Kids
Hushed Bedtime,Toddler Songs Kids
Technicolored Bedtime,Toddler Songs Kids
Nature's Background,Toddler Songs Kids
Collateral Space Wave,TopMaru
Elated Iron,Lauryn Casey
Rock and Roll Misery,Convergence Zone
Life of Her Own (1981 Version),Convergence Zone
Brittle Bones (1983 Version),Convergence Zone
Useless Original,Convergence Zone
Strange Day,Convergence Zone
Baby,Convergence Zone
Medley: Different Game / They Came / Hit City / So Intellectual,Convergence Zone
Let's Go Running,Convergence Zone
Reachout,Convergence Zone
Middle of Nowhere (Instrumental),Convergence Zone
Who's with You Now,Convergence Zone
Matsong (Instrumental),Convergence Zone
Mystery of Love,Convergence Zone
Time Has a Way,Convergence Zone
Champagne,5ever
Sauvage Dior,5ever
Trashpit,5ever
KACHING!,5ever
H.A.G.S.,5ever
Bootleg Kardashian,5ever
Amigos Con Beneficios,Angelica Martinez
Goon,The Strangers
Sweet Holly,The Strangers
Dead and Dazed,The Strangers
Fear Your Lies,The Strangers
Shadow,The Strangers
Do The Eyes Sparkle?,The Strangers
Natural Forces,The Strangers
Electric Love,The Strangers
Intro - Album Version (Edited),Camoflauge
Sh*tty Baby - Album Version (Edited),Camoflauge
You Like Rap (Skit) - Album Version (Edited),Camoflauge
Cut Friends - Album Version (Edited),Camoflauge
Get Up Off Me - Album Version (Edited),Camoflauge
Y'all Ni**az Know - Album Version (Edited),Camoflauge
Whatchunoabout - Album Version (Edited),Camoflauge
I Let Rounds Go - Album Version (Edited),Camoflauge
Murda Still Da Case - Album Version (Edited),Camoflauge
Missin My Block - Album Version (Edited),Camoflauge
Raised In Da Ghetto - Album Version (Edited),Camoflauge
Hustler - Album Version (Edited),Camoflauge
Ruff Ni**az - Album Version (Edited),Camoflauge
A Letter - Album Version (Edited),Camoflauge
Guilty - Album Version (Edited),Camoflauge
ID's And Money - Album Version (Edited),Camoflauge
Shake It - Album Version (Edited),Camoflauge
Dat Real Sh*t - Album Version (Edited),Camoflauge
GA Ni**az - Remix (Edit),Camoflauge
Just Like You,Tigera
Mad For Me,Tigera
Aquaman,Tigera
ACTIVATED,RIC SG
Opening Prayer,Called to Glory
Giving of Thanks,Called to Glory
The Greatest God,Called to Glory
His Power,Called to Glory
Great Splendor,Called to Glory
Victory on High,Called to Glory
Exalted One,Called to Glory
Raise Me Up,Called to Glory
Wings of an Angel,Called to Glory
"Glory, Glory",Called to Glory
Filled with Your Joy,Called to Glory
His Praise,Called to Glory
"10,000 Blessings",Called to Glory
Our God Is so Great,Called to Glory
Number One Heaven,Called to Glory
Redeemed Grace,Called to Glory
"Father, Fill Me Up",Called to Glory
Closing Prayer,Called to Glory
Intro,4th Hour
Mocha,4th Hour
Gelato,4th Hour
French Vanilla,4th Hour
Cookies n' Cream,4th Hour
S'mores,4th Hour
Strawberry Lemonade,4th Hour
Cherry,4th Hour
Butter,4th Hour
Magnolia freestyle,2WIN
Tangible Face,Aryanna Zuniga
Man on the Moon,Bustem
Comeback Game Strong,Trilly Polk
Waitin' So Long,Trilly Polk
Get Up,Trilly Polk
Drum Roll,Trilly Polk
Nobody to Call,Trilly Polk
Actin' Bad on Em,Trilly Polk
Bounce That Thang on Me,Trilly Polk
Talk Down,Trilly Polk
I Just,Bossalini Brady
Touch Me,J-Wonn
Quedate,Mj2a
Run Tabby,Kitten Music Therapy
Monday Evening,Kitten Music Therapy
Boy Tail,Kitten Music Therapy
Days Summer,Kitten Music Therapy
Window Scratch,Kitten Music Therapy
Prowling Maine,Kitten Music Therapy
Patchy Playful,Kitten Music Therapy
Boy Balls,Kitten Music Therapy
Sunny American,Kitten Music Therapy
Patches Soft,Kitten Music Therapy
Moment Sleepy,Kitten Music Therapy
Shiny Litter,Kitten Music Therapy
Kitten Tom,Kitten Music Therapy
Shine Marmalade,Kitten Music Therapy
Alley Pipe,Kitten Music Therapy
Balinese The,Kitten Music Therapy
British Relax,Kitten Music Therapy
Indoor Furry,Kitten Music Therapy
Playful Nice,Kitten Music Therapy
Kitty Feline,Kitten Music Therapy
Panther Prowling,Kitten Music Therapy
Pretty Jumping,Kitten Music Therapy
Huggable Baby,Kitten Music Therapy
Favourite Favourite,Kitten Music Therapy
Chilled The,Kitten Music Therapy
Playtime Playful,Kitten Music Therapy
Cymric Cymric,Kitten Music Therapy
Afternoon Purr,Kitten Music Therapy
Favourite Morning,Kitten Music Therapy
Satellite Sky,Pierce Pettis
My Life of Crime,Pierce Pettis
Miriam,Pierce Pettis
Depending On Gravity,Pierce Pettis
Desir,Pierce Pettis
Granddaddy Blew the Whistle,Pierce Pettis
"Absalom, Absalom",Pierce Pettis
This Ain't Love,Pierce Pettis
Affectionate Girl,Pierce Pettis
No Big Deal,Pierce Pettis
Hold On to That Heart,Pierce Pettis
You Move Me,Pierce Pettis
Love's Gonna Carry Me Home,Pierce Pettis
Black Balloon Syndrome,XHAIDEN
Wings of Fallen Angel,Nicolas Muffin
Don't Wanna Hear It Anymore,BLIX10
Go,BLIX10
Waiting for Summer,BLIX10
Sonic Waves,BLIX10
It Hurts,BLIX10
Over Here,Candy Corn
41,Shabazz PBG
Greed,nomen nescio
Techno Sunrise,Elide Haili
Be Great,Xmayne
Last Days,Xmayne
Pocket Watchin,Xmayne
Internet,Xmayne
Start Flakin,Xmayne
One Mic,Xmayne
Swish,Xmayne
Lil Joe,Xmayne
Free Bart,Xmayne
Devils Eye,Ray Ray the Introvert
GOTW,Chosko
POPSHOVE,JANDASH
Can't Hardly Wait,Piano Dreamland
Closing Time,Piano Dreamland
Fireflies,Piano Dreamland
Forget the Lies,Piano Dreamland
Golden,Piano Dreamland
Good as Hell,Piano Dreamland
I Wanna Drive the Zamboni,Piano Dreamland
Jungle Love,Piano Dreamland
Kiss,Piano Dreamland
Knocking on Heaven's Door,Piano Dreamland
Love is the Law,Piano Dreamland
Raspberry Beret,Piano Dreamland
Runaway Train,Piano Dreamland
Somewhere Over the Rainbow,Piano Dreamland
Wildflower,Piano Dreamland
Yesterday,Piano Dreamland
Cuban Links,Rosay Kane
Expensive,Bware
Nothing to Lose,Scandium 21
War of the Dog,Scandium 21
Fantasies,Scandium 21
Colors of Abuse,Scandium 21
Break of Dawn,Scandium 21
You'll See,Scandium 21
Buy Some Rockets,Scandium 21
2 AM,Scandium 21
Self Destruction,Scandium 21
Save the Past,Scandium 21
Evil Grin,Scandium 21
Last Call Blues,Satin Gum
A-Hee-Hee-Hee,Satin Gum
I'm Just a Dog,Satin Gum
Haunt the Jukebox,Satin Gum
Drunk Sleigh Ride,Satin Gum
Spiffy Shit,GoldMouf KeyLo
My Strap,GoldMouf KeyLo
Pee Wee,GoldMouf KeyLo
At da Doe,GoldMouf KeyLo
Tlkn Bout,GoldMouf KeyLo
I’m Back,GoldMouf KeyLo
24/7,GoldMouf KeyLo
Run It Up,GoldMouf KeyLo
Micro,GoldMouf KeyLo
Ride,GoldMouf KeyLo
Wit It,GoldMouf KeyLo
Had 2,GoldMouf KeyLo
Merk Season (Outro),GoldMouf KeyLo
Reminiscing,N4l Swervo
bEEN a LOC,Cezar Godbody
concerta/focus,khiiihv2
We On It,Ivory Wade
God Will Do It,Diamond K
Rocky Places,Doug Conlon
Stay Beautiful,Doug Conlon
Your Smile,Doug Conlon
Dancing Drugstore Darling,Doug Conlon
Opelika,Doug Conlon
Living with Fear,Doug Conlon
Throwing Darts in the Ocean,Doug Conlon
The Sun Will Be Here Soon,Doug Conlon
Peaceful Rain,Doug Conlon
Medicine Kit,Doug Conlon
Tornado,Doug Conlon
Song for Annette,Doug Conlon
Pull and Shake,Doug Conlon
Denver Misses You,Doug Conlon
You Are,Doug Conlon
Mystified by the Moon,Doug Conlon
Blood Stains the Wine,Doug Conlon
Paper Dragons,Doug Conlon
Big 28,JUST BANG
DRAKEO Flow,JUST BANG
Full Circle (feat. Upperclass Murdock),JUST BANG
Accident,JUST BANG
Neiman Marcus,JUST BANG
4 Am In December (feat. Sauce Walka & Rizzoo Rizzoo),JUST BANG
30 Shots,JUST BANG
Cold Cuts,JUST BANG
4 For 4 (feat. Toohda Band$),JUST BANG
My Baby #2,JUST BANG
Heart Broken,JUST BANG
"One Of Them (feat. AFN Peso, Philthy Rich & Seddy Hendrinx)",JUST BANG
Grinch Talk,4ressaTimeBril
Both Feet,Dalton Domino
Havin' Fun,Jr. Melancon and The Come Down Playboys
Quand J'etais Pauvre,Jr. Melancon and The Come Down Playboys
She Didn't Know I Was Married,Jr. Melancon and The Come Down Playboys
Cut Your Toe Nails,Jr. Melancon and The Come Down Playboys
Cajun From Church Point,Jr. Melancon and The Come Down Playboys
Fools Waltz,Jr. Melancon and The Come Down Playboys
Laissez Les Bon Temps Rouler,Jr. Melancon and The Come Down Playboys
Fais Do Do,Jr. Melancon and The Come Down Playboys
Mermentau Waltz,Jr. Melancon and The Come Down Playboys
La Petite Ou La Grosse,Jr. Melancon and The Come Down Playboys
Hicks Wagon Wheel,Jr. Melancon and The Come Down Playboys
Lemonade Song,Jr. Melancon and The Come Down Playboys
Tee Galop Pour Mamou,Jr. Melancon and The Come Down Playboys
Pauver Hobo,Jr. Melancon and The Come Down Playboys
Quoi Faire,Jr. Melancon and The Come Down Playboys
Mirror of Ocean Waves,Ocean Adorations Nature Library
Laid Back Rain Sound,Oceanic Power Music Library
Plentiful Ocean Waves,Brainwave Ocean Sound Project
Summer Forest Sparkle,Ocean Star Studio
Completely Restful Forest,Lane Rory Ocean Library
Ocean Moments,Blue Wave 9D Sounds
Fire Craze,Adams Alluring Nature
Mountain Breeze,California Ocean Waves Music Library
Rainy Thunder Storm,Maria Easy Wave Sounds
Smokey Soothing,Norah Nature Sounds
Seashore and the Birds,Carolines Coastal Rhythms
Off the Shore,Florence Paradise
Forest Spring Days,Watery Leaves 8D Sounds
Lazy Ocean Morning Harmony,Ultimate Tranquility Nature Point
A Night of New York Tennessee Fall,Theta Waves Ocean Music
Random Ocean Lullaby,Silky Ocean Waves Studio
Destroying Thunderstorms,Giant Ocean Nature Music
Soothing Spring Waves,Jackson 3D Oceanic Waves
Early Morning Forest Day,Watery Leaves 8D Sounds
Ocean Power,Ocean Downpour Music Library
Lazy New York Waves,Sams Dancing Waves Music Project
